#SYMBOL;#TYPE;#NOTUSED;#NOTUSED;#COMMENT
#READ;;;;
HEADER.WT_Daten_Fixed.WT_Nummer;INT;0;0;WT Nummer
HEADER.WT_Daten_Fixed.WT_Leergewicht;DINT;L#0;L#0;WT Leergewicht Res_100kg_10kg_1kg_100g_10g_Res_Res
HEADER.WT_Daten_Fixed.Umlaufzaehler;INT;0;0;Umlaufzähler
HEADER.WT_Daten_Fixed.Customer_Barcode;STRING [ 30 ];'
HEADER.WT_Daten_Fixed.Getrag_System_Number;STRING [ 14 ];'
HEADER.WT_Daten_Fixed.Kunden_Getriebetyp;STRING [ 32 ];'
HEADER.WT_Daten_Fixed.Getrag_Getriebetyp;STRING [ 4 ];'
HEADER.WT_Daten_Fixed.Software_Version;STRING [ 4 ];'
HEADER.WT_Daten_Fixed.Res_92_93[1];BYTE;B#16#0;B#16#0;
HEADER.WT_Daten_Fixed.Res_92_93[2];BYTE;B#16#0;B#16#0;
HEADER.WT_Daten_Fixed.Zeitstempel_Y_Y;BYTE;B#16#0;B#16#0;
HEADER.WT_Daten_Fixed.Zeitstempel_M_M;BYTE;B#16#0;B#16#0;
HEADER.WT_Daten_Fixed.Zeitstempel_D_D;BYTE;B#16#0;B#16#0;
HEADER.WT_Daten_Fixed.Zeitstempel_H_H;BYTE;B#16#0;B#16#0;
HEADER.WT_Daten_Fixed.Zeitstempel_Min_Min;BYTE;B#16#0;B#16#0;
HEADER.WT_Daten_Fixed.Zeitstempel_S_S;BYTE;B#16#0;B#16#0;
HEADER.WT_Daten.Quellstation;INT;0;0;
HEADER.WT_Daten.Zielstation;INT;0;0;
HEADER.WT_Daten.Aktuellstation;INT;0;0;
HEADER.WT_Daten.NOK_Station;INT;0;0;
HEADER.WT_Daten.Res_108_119[1];BYTE;B#16#0;B#16#0;
HEADER.WT_Daten.Res_108_119[2];BYTE;B#16#0;B#16#0;
HEADER.WT_Daten.Res_108_119[3];BYTE;B#16#0;B#16#0;
HEADER.WT_Daten.Res_108_119[4];BYTE;B#16#0;B#16#0;
HEADER.WT_Daten.Res_108_119[5];BYTE;B#16#0;B#16#0;
HEADER.WT_Daten.Res_108_119[6];BYTE;B#16#0;B#16#0;
HEADER.WT_Daten.Res_108_119[7];BYTE;B#16#0;B#16#0;
HEADER.WT_Daten.Res_108_119[8];BYTE;B#16#0;B#16#0;
HEADER.WT_Daten.Res_108_119[9];BYTE;B#16#0;B#16#0;
HEADER.WT_Daten.Res_108_119[10];BYTE;B#16#0;B#16#0;
HEADER.WT_Daten.Res_108_119[11];BYTE;B#16#0;B#16#0;
HEADER.WT_Daten.Res_108_119[12];BYTE;B#16#0;B#16#0;
HEADER.Teil_Aktuell_Daten.Getriebegewicht;DINT;L#0;L#0;Getriebegewicht in g Leergewicht OP30 oder Datenbank
HEADER.Teil_Aktuell_Daten.Restoelmenge;DINT;L#0;L#0;OP30
HEADER.Teil_Aktuell_Daten.OP10_Steuerwort;DWORD;DW#16#0;DW#16#0;
HEADER.Teil_Aktuell_Daten.OPXX1_Steuerwort;DWORD;DW#16#0;DW#16#0;
HEADER.Teil_Aktuell_Daten.OP15_Steuerwort;DWORD;DW#16#0;DW#16#0;
HEADER.Teil_Aktuell_Daten.OP20_Steuerwort;DWORD;DW#16#0;DW#16#0;
HEADER.Teil_Aktuell_Daten.OP30_Steuerwort;DWORD;DW#16#0;DW#16#0;
HEADER.Teil_Aktuell_Daten.OP40_Steuerwort;DWORD;DW#16#0;DW#16#0;
HEADER.Teil_Aktuell_Daten.OPXX2_Steuerwort;DWORD;DW#16#0;DW#16#0;
HEADER.Teil_Aktuell_Daten.OP60_Steuerwort_Light;DWORD;DW#16#0;DW#16#0;für alle OP60 Light
HEADER.Teil_Aktuell_Daten.OP60_Steuerwort_Main;DWORD;DW#16#0;DW#16#0;für alle OP60 Main
HEADER.Teil_Aktuell_Daten.OP70_Steuerwort;DWORD;DW#16#0;DW#16#0;für alle OP70
HEADER.Teil_Aktuell_Daten.OP80_Steuerwort;DWORD;DW#16#0;DW#16#0;für alle OP80
HEADER.Teil_Aktuell_Daten.OP90_1_Steuerwort;DWORD;DW#16#0;DW#16#0;
HEADER.Teil_Aktuell_Daten.OP90_2_Steuerwort;DWORD;DW#16#0;DW#16#0;
HEADER.Teil_Aktuell_Daten.OP100_1_Steuerwort;DWORD;DW#16#0;DW#16#0;
HEADER.Teil_Aktuell_Daten.OP100_2_Steuerwort;DWORD;DW#16#0;DW#16#0;
HEADER.Teil_Aktuell_Daten.OP130_1_Steuerwort;DWORD;DW#16#0;DW#16#0;
HEADER.Teil_Aktuell_Daten.OP130_2_Steuerwort;DWORD;DW#16#0;DW#16#0;
HEADER.Teil_Aktuell_Daten.OP130_3_Steuerwort;DWORD;DW#16#0;DW#16#0;
HEADER.Teil_Aktuell_Daten.OP140_Steuerwort;DWORD;DW#16#0;DW#16#0;
HEADER.Teil_Aktuell_Daten.OP150_Steuerwort;DWORD;DW#16#0;DW#16#0;
HEADER.Teil_Aktuell_Daten.OPXX3_Steuerwort;DWORD;DW#16#0;DW#16#0;
HEADER.Teil_Aktuell_Daten.OP170_Steuerwort;DWORD;DW#16#0;DW#16#0;
HEADER.Teil_Aktuell_Daten.OP180_Steuerwort;DWORD;DW#16#0;DW#16#0;
HEADER.Teil_Aktuell_Daten.OP190_Steuerwort;DWORD;DW#16#0;DW#16#0;
HEADER.Teil_Aktuell_Daten.Res_128_999[1];BYTE;B#16#0;B#16#0;
HEADER.Teil_Aktuell_Daten.Res_128_999[2];BYTE;B#16#0;B#16#0;
HEADER.Teil_Aktuell_Daten.Res_128_999[3];BYTE;B#16#0;B#16#0;
HEADER.Teil_Aktuell_Daten.Res_128_999[4];BYTE;B#16#0;B#16#0;
HEADER.Teil_Aktuell_Daten.Res_128_999[5];BYTE;B#16#0;B#16#0;
HEADER.Teil_Aktuell_Daten.Res_128_999[6];BYTE;B#16#0;B#16#0;
HEADER.Teil_Aktuell_Daten.Res_128_999[7];BYTE;B#16#0;B#16#0;
HEADER.Teil_Aktuell_Daten.Res_128_999[8];BYTE;B#16#0;B#16#0;
HEADER.Teil_Aktuell_Daten.Res_128_999[9];BYTE;B#16#0;B#16#0;
HEADER.Teil_Aktuell_Daten.Res_128_999[10];BYTE;B#16#0;B#16#0;
HEADER.Teil_Aktuell_Daten.Res_128_999[11];BYTE;B#16#0;B#16#0;
HEADER.Teil_Aktuell_Daten.Res_128_999[12];BYTE;B#16#0;B#16#0;
HEADER.Teil_Aktuell_Daten.Res_128_999[13];BYTE;B#16#0;B#16#0;
HEADER.Teil_Aktuell_Daten.Res_128_999[14];BYTE;B#16#0;B#16#0;
HEADER.Teil_Aktuell_Daten.Res_128_999[15];BYTE;B#16#0;B#16#0;
HEADER.Teil_Aktuell_Daten.Res_128_999[16];BYTE;B#16#0;B#16#0;
HEADER.Teil_Aktuell_Daten.Res_128_999[17];BYTE;B#16#0;B#16#0;
HEADER.Teil_Aktuell_Daten.Res_128_999[18];BYTE;B#16#0;B#16#0;
HEADER.Teil_Aktuell_Daten.Res_128_999[19];BYTE;B#16#0;B#16#0;
HEADER.Teil_Aktuell_Daten.Res_128_999[20];BYTE;B#16#0;B#16#0;
HEADER.Teil_Aktuell_Daten.Res_128_999[21];BYTE;B#16#0;B#16#0;
HEADER.Teil_Aktuell_Daten.Res_128_999[22];BYTE;B#16#0;B#16#0;
HEADER.Teil_Aktuell_Daten.Res_128_999[23];BYTE;B#16#0;B#16#0;
HEADER.Teil_Aktuell_Daten.Res_128_999[24];BYTE;B#16#0;B#16#0;
HEADER.Teil_Aktuell_Daten.Res_128_999[25];BYTE;B#16#0;B#16#0;
HEADER.Teil_Aktuell_Daten.Res_128_999[26];BYTE;B#16#0;B#16#0;
HEADER.Teil_Aktuell_Daten.Res_128_999[27];BYTE;B#16#0;B#16#0;
HEADER.Teil_Aktuell_Daten.Res_128_999[28];BYTE;B#16#0;B#16#0;
HEADER.Teil_Aktuell_Daten.Res_128_999[29];BYTE;B#16#0;B#16#0;
HEADER.Teil_Aktuell_Daten.Res_128_999[30];BYTE;B#16#0;B#16#0;
HEADER.Teil_Aktuell_Daten.Res_128_999[31];BYTE;B#16#0;B#16#0;
HEADER.Teil_Aktuell_Daten.Res_128_999[32];BYTE;B#16#0;B#16#0;
HEADER.Teil_Aktuell_Daten.Res_128_999[33];BYTE;B#16#0;B#16#0;
HEADER.Teil_Aktuell_Daten.Res_128_999[34];BYTE;B#16#0;B#16#0;
HEADER.Teil_Aktuell_Daten.Res_128_999[35];BYTE;B#16#0;B#16#0;
HEADER.Teil_Aktuell_Daten.Res_128_999[36];BYTE;B#16#0;B#16#0;
HEADER.Teil_Aktuell_Daten.Res_128_999[37];BYTE;B#16#0;B#16#0;
HEADER.Teil_Aktuell_Daten.Res_128_999[38];BYTE;B#16#0;B#16#0;
HEADER.Teil_Aktuell_Daten.Res_128_999[39];BYTE;B#16#0;B#16#0;
HEADER.Teil_Aktuell_Daten.Res_128_999[40];BYTE;B#16#0;B#16#0;
HEADER.Teil_Aktuell_Daten.Res_128_999[41];BYTE;B#16#0;B#16#0;
HEADER.Teil_Aktuell_Daten.Res_128_999[42];BYTE;B#16#0;B#16#0;
HEADER.Teil_Aktuell_Daten.Res_128_999[43];BYTE;B#16#0;B#16#0;
HEADER.Teil_Aktuell_Daten.Res_128_999[44];BYTE;B#16#0;B#16#0;
HEADER.Teil_Aktuell_Daten.Res_128_999[45];BYTE;B#16#0;B#16#0;
HEADER.Teil_Aktuell_Daten.Res_128_999[46];BYTE;B#16#0;B#16#0;
HEADER.Teil_Aktuell_Daten.Res_128_999[47];BYTE;B#16#0;B#16#0;
HEADER.Teil_Aktuell_Daten.Res_128_999[48];BYTE;B#16#0;B#16#0;
HEADER.Teil_Aktuell_Daten.Res_128_999[49];BYTE;B#16#0;B#16#0;
HEADER.Teil_Aktuell_Daten.Res_128_999[50];BYTE;B#16#0;B#16#0;
HEADER.Teil_Aktuell_Daten.Res_128_999[51];BYTE;B#16#0;B#16#0;
HEADER.Teil_Aktuell_Daten.Res_128_999[52];BYTE;B#16#0;B#16#0;
HEADER.Teil_Aktuell_Daten.Res_128_999[53];BYTE;B#16#0;B#16#0;
HEADER.Teil_Aktuell_Daten.Res_128_999[54];BYTE;B#16#0;B#16#0;
HEADER.Teil_Aktuell_Daten.Res_128_999[55];BYTE;B#16#0;B#16#0;
HEADER.Teil_Aktuell_Daten.Res_128_999[56];BYTE;B#16#0;B#16#0;
HEADER.Teil_Aktuell_Daten.Res_128_999[57];BYTE;B#16#0;B#16#0;
HEADER.Teil_Aktuell_Daten.Res_128_999[58];BYTE;B#16#0;B#16#0;
HEADER.Teil_Aktuell_Daten.Res_128_999[59];BYTE;B#16#0;B#16#0;
HEADER.Teil_Aktuell_Daten.Res_128_999[60];BYTE;B#16#0;B#16#0;
HEADER.Teil_Aktuell_Daten.Res_128_999[61];BYTE;B#16#0;B#16#0;
HEADER.Teil_Aktuell_Daten.Res_128_999[62];BYTE;B#16#0;B#16#0;
HEADER.Teil_Aktuell_Daten.Res_128_999[63];BYTE;B#16#0;B#16#0;
HEADER.Teil_Aktuell_Daten.Res_128_999[64];BYTE;B#16#0;B#16#0;
HEADER.Teil_Aktuell_Daten.Res_128_999[65];BYTE;B#16#0;B#16#0;
HEADER.Teil_Aktuell_Daten.Res_128_999[66];BYTE;B#16#0;B#16#0;
HEADER.Teil_Aktuell_Daten.Res_128_999[67];BYTE;B#16#0;B#16#0;
HEADER.Teil_Aktuell_Daten.Res_128_999[68];BYTE;B#16#0;B#16#0;
HEADER.Teil_Aktuell_Daten.Res_128_999[69];BYTE;B#16#0;B#16#0;
HEADER.Teil_Aktuell_Daten.Res_128_999[70];BYTE;B#16#0;B#16#0;
HEADER.Teil_Aktuell_Daten.Res_128_999[71];BYTE;B#16#0;B#16#0;
HEADER.Teil_Aktuell_Daten.Res_128_999[72];BYTE;B#16#0;B#16#0;
HEADER.Teil_Aktuell_Daten.Res_128_999[73];BYTE;B#16#0;B#16#0;
HEADER.Teil_Aktuell_Daten.Res_128_999[74];BYTE;B#16#0;B#16#0;
HEADER.Teil_Aktuell_Daten.Res_128_999[75];BYTE;B#16#0;B#16#0;
HEADER.Teil_Aktuell_Daten.Res_128_999[76];BYTE;B#16#0;B#16#0;
HEADER.Teil_Aktuell_Daten.Res_128_999[77];BYTE;B#16#0;B#16#0;
HEADER.Teil_Aktuell_Daten.Res_128_999[78];BYTE;B#16#0;B#16#0;
HEADER.Teil_Aktuell_Daten.Res_128_999[79];BYTE;B#16#0;B#16#0;
HEADER.Teil_Aktuell_Daten.Res_128_999[80];BYTE;B#16#0;B#16#0;
HEADER.Teil_Aktuell_Daten.Res_128_999[81];BYTE;B#16#0;B#16#0;
HEADER.Teil_Aktuell_Daten.Res_128_999[82];BYTE;B#16#0;B#16#0;
HEADER.Teil_Aktuell_Daten.Res_128_999[83];BYTE;B#16#0;B#16#0;
HEADER.Teil_Aktuell_Daten.Res_128_999[84];BYTE;B#16#0;B#16#0;
HEADER.Teil_Aktuell_Daten.Res_128_999[85];BYTE;B#16#0;B#16#0;
HEADER.Teil_Aktuell_Daten.Res_128_999[86];BYTE;B#16#0;B#16#0;
HEADER.Teil_Aktuell_Daten.Res_128_999[87];BYTE;B#16#0;B#16#0;
HEADER.Teil_Aktuell_Daten.Res_128_999[88];BYTE;B#16#0;B#16#0;
HEADER.Teil_Aktuell_Daten.Res_128_999[89];BYTE;B#16#0;B#16#0;
HEADER.Teil_Aktuell_Daten.Res_128_999[90];BYTE;B#16#0;B#16#0;
HEADER.Teil_Aktuell_Daten.Res_128_999[91];BYTE;B#16#0;B#16#0;
HEADER.Teil_Aktuell_Daten.Res_128_999[92];BYTE;B#16#0;B#16#0;
HEADER.Teil_Aktuell_Daten.Res_128_999[93];BYTE;B#16#0;B#16#0;
HEADER.Teil_Aktuell_Daten.Res_128_999[94];BYTE;B#16#0;B#16#0;
HEADER.Teil_Aktuell_Daten.Res_128_999[95];BYTE;B#16#0;B#16#0;
HEADER.Teil_Aktuell_Daten.Res_128_999[96];BYTE;B#16#0;B#16#0;
HEADER.Teil_Aktuell_Daten.Res_128_999[97];BYTE;B#16#0;B#16#0;
HEADER.Teil_Aktuell_Daten.Res_128_999[98];BYTE;B#16#0;B#16#0;
HEADER.Teil_Aktuell_Daten.Res_128_999[99];BYTE;B#16#0;B#16#0;
HEADER.Teil_Aktuell_Daten.Res_128_999[100];BYTE;B#16#0;B#16#0;
HEADER.Teil_Aktuell_Daten.Res_128_999[101];BYTE;B#16#0;B#16#0;
HEADER.Teil_Aktuell_Daten.Res_128_999[102];BYTE;B#16#0;B#16#0;
HEADER.Teil_Aktuell_Daten.Res_128_999[103];BYTE;B#16#0;B#16#0;
HEADER.Teil_Aktuell_Daten.Res_128_999[104];BYTE;B#16#0;B#16#0;
HEADER.Teil_Aktuell_Daten.Res_128_999[105];BYTE;B#16#0;B#16#0;
HEADER.Teil_Aktuell_Daten.Res_128_999[106];BYTE;B#16#0;B#16#0;
HEADER.Teil_Aktuell_Daten.Res_128_999[107];BYTE;B#16#0;B#16#0;
HEADER.Teil_Aktuell_Daten.Res_128_999[108];BYTE;B#16#0;B#16#0;
HEADER.Teil_Aktuell_Daten.Res_128_999[109];BYTE;B#16#0;B#16#0;
HEADER.Teil_Aktuell_Daten.Res_128_999[110];BYTE;B#16#0;B#16#0;
HEADER.Teil_Aktuell_Daten.Res_128_999[111];BYTE;B#16#0;B#16#0;
HEADER.Teil_Aktuell_Daten.Res_128_999[112];BYTE;B#16#0;B#16#0;
HEADER.Teil_Aktuell_Daten.Res_128_999[113];BYTE;B#16#0;B#16#0;
HEADER.Teil_Aktuell_Daten.Res_128_999[114];BYTE;B#16#0;B#16#0;
HEADER.Teil_Aktuell_Daten.Res_128_999[115];BYTE;B#16#0;B#16#0;
HEADER.Teil_Aktuell_Daten.Res_128_999[116];BYTE;B#16#0;B#16#0;
HEADER.Teil_Aktuell_Daten.Res_128_999[117];BYTE;B#16#0;B#16#0;
HEADER.Teil_Aktuell_Daten.Res_128_999[118];BYTE;B#16#0;B#16#0;
HEADER.Teil_Aktuell_Daten.Res_128_999[119];BYTE;B#16#0;B#16#0;
HEADER.Teil_Aktuell_Daten.Res_128_999[120];BYTE;B#16#0;B#16#0;
HEADER.Teil_Aktuell_Daten.Res_128_999[121];BYTE;B#16#0;B#16#0;
HEADER.Teil_Aktuell_Daten.Res_128_999[122];BYTE;B#16#0;B#16#0;
HEADER.Teil_Aktuell_Daten.Res_128_999[123];BYTE;B#16#0;B#16#0;
HEADER.Teil_Aktuell_Daten.Res_128_999[124];BYTE;B#16#0;B#16#0;
HEADER.Teil_Aktuell_Daten.Res_128_999[125];BYTE;B#16#0;B#16#0;
HEADER.Teil_Aktuell_Daten.Res_128_999[126];BYTE;B#16#0;B#16#0;
HEADER.Teil_Aktuell_Daten.Res_128_999[127];BYTE;B#16#0;B#16#0;
HEADER.Teil_Aktuell_Daten.Res_128_999[128];BYTE;B#16#0;B#16#0;
HEADER.Teil_Aktuell_Daten.Res_128_999[129];BYTE;B#16#0;B#16#0;
HEADER.Teil_Aktuell_Daten.Res_128_999[130];BYTE;B#16#0;B#16#0;
HEADER.Teil_Aktuell_Daten.Res_128_999[131];BYTE;B#16#0;B#16#0;
HEADER.Teil_Aktuell_Daten.Res_128_999[132];BYTE;B#16#0;B#16#0;
HEADER.Teil_Aktuell_Daten.Res_128_999[133];BYTE;B#16#0;B#16#0;
HEADER.Teil_Aktuell_Daten.Res_128_999[134];BYTE;B#16#0;B#16#0;
HEADER.Teil_Aktuell_Daten.Res_128_999[135];BYTE;B#16#0;B#16#0;
HEADER.Teil_Aktuell_Daten.Res_128_999[136];BYTE;B#16#0;B#16#0;
HEADER.Teil_Aktuell_Daten.Res_128_999[137];BYTE;B#16#0;B#16#0;
HEADER.Teil_Aktuell_Daten.Res_128_999[138];BYTE;B#16#0;B#16#0;
HEADER.Teil_Aktuell_Daten.Res_128_999[139];BYTE;B#16#0;B#16#0;
HEADER.Teil_Aktuell_Daten.Res_128_999[140];BYTE;B#16#0;B#16#0;
HEADER.Teil_Aktuell_Daten.Res_128_999[141];BYTE;B#16#0;B#16#0;
HEADER.Teil_Aktuell_Daten.Res_128_999[142];BYTE;B#16#0;B#16#0;
HEADER.Teil_Aktuell_Daten.Res_128_999[143];BYTE;B#16#0;B#16#0;
HEADER.Teil_Aktuell_Daten.Res_128_999[144];BYTE;B#16#0;B#16#0;
HEADER.Teil_Aktuell_Daten.Res_128_999[145];BYTE;B#16#0;B#16#0;
HEADER.Teil_Aktuell_Daten.Res_128_999[146];BYTE;B#16#0;B#16#0;
HEADER.Teil_Aktuell_Daten.Res_128_999[147];BYTE;B#16#0;B#16#0;
HEADER.Teil_Aktuell_Daten.Res_128_999[148];BYTE;B#16#0;B#16#0;
HEADER.Teil_Aktuell_Daten.Res_128_999[149];BYTE;B#16#0;B#16#0;
HEADER.Teil_Aktuell_Daten.Res_128_999[150];BYTE;B#16#0;B#16#0;
HEADER.Teil_Aktuell_Daten.Res_128_999[151];BYTE;B#16#0;B#16#0;
HEADER.Teil_Aktuell_Daten.Res_128_999[152];BYTE;B#16#0;B#16#0;
HEADER.Teil_Aktuell_Daten.Res_128_999[153];BYTE;B#16#0;B#16#0;
HEADER.Teil_Aktuell_Daten.Res_128_999[154];BYTE;B#16#0;B#16#0;
HEADER.Teil_Aktuell_Daten.Res_128_999[155];BYTE;B#16#0;B#16#0;
HEADER.Teil_Aktuell_Daten.Res_128_999[156];BYTE;B#16#0;B#16#0;
HEADER.Teil_Aktuell_Daten.Res_128_999[157];BYTE;B#16#0;B#16#0;
HEADER.Teil_Aktuell_Daten.Res_128_999[158];BYTE;B#16#0;B#16#0;
HEADER.Teil_Aktuell_Daten.Res_128_999[159];BYTE;B#16#0;B#16#0;
HEADER.Teil_Aktuell_Daten.Res_128_999[160];BYTE;B#16#0;B#16#0;
HEADER.Teil_Aktuell_Daten.Res_128_999[161];BYTE;B#16#0;B#16#0;
HEADER.Teil_Aktuell_Daten.Res_128_999[162];BYTE;B#16#0;B#16#0;
HEADER.Teil_Aktuell_Daten.Res_128_999[163];BYTE;B#16#0;B#16#0;
HEADER.Teil_Aktuell_Daten.Res_128_999[164];BYTE;B#16#0;B#16#0;
HEADER.Teil_Aktuell_Daten.Res_128_999[165];BYTE;B#16#0;B#16#0;
HEADER.Teil_Aktuell_Daten.Res_128_999[166];BYTE;B#16#0;B#16#0;
HEADER.Teil_Aktuell_Daten.Res_128_999[167];BYTE;B#16#0;B#16#0;
HEADER.Teil_Aktuell_Daten.Res_128_999[168];BYTE;B#16#0;B#16#0;
HEADER.Teil_Aktuell_Daten.Res_128_999[169];BYTE;B#16#0;B#16#0;
HEADER.Teil_Aktuell_Daten.Res_128_999[170];BYTE;B#16#0;B#16#0;
HEADER.Teil_Aktuell_Daten.Res_128_999[171];BYTE;B#16#0;B#16#0;
HEADER.Teil_Aktuell_Daten.Res_128_999[172];BYTE;B#16#0;B#16#0;
HEADER.Teil_Aktuell_Daten.Res_128_999[173];BYTE;B#16#0;B#16#0;
HEADER.Teil_Aktuell_Daten.Res_128_999[174];BYTE;B#16#0;B#16#0;
HEADER.Teil_Aktuell_Daten.Res_128_999[175];BYTE;B#16#0;B#16#0;
HEADER.Teil_Aktuell_Daten.Res_128_999[176];BYTE;B#16#0;B#16#0;
HEADER.Teil_Aktuell_Daten.Res_128_999[177];BYTE;B#16#0;B#16#0;
HEADER.Teil_Aktuell_Daten.Res_128_999[178];BYTE;B#16#0;B#16#0;
HEADER.Teil_Aktuell_Daten.Res_128_999[179];BYTE;B#16#0;B#16#0;
HEADER.Teil_Aktuell_Daten.Res_128_999[180];BYTE;B#16#0;B#16#0;
HEADER.Teil_Aktuell_Daten.Res_128_999[181];BYTE;B#16#0;B#16#0;
HEADER.Teil_Aktuell_Daten.Res_128_999[182];BYTE;B#16#0;B#16#0;
HEADER.Teil_Aktuell_Daten.Res_128_999[183];BYTE;B#16#0;B#16#0;
HEADER.Teil_Aktuell_Daten.Res_128_999[184];BYTE;B#16#0;B#16#0;
HEADER.Teil_Aktuell_Daten.Res_128_999[185];BYTE;B#16#0;B#16#0;
HEADER.Teil_Aktuell_Daten.Res_128_999[186];BYTE;B#16#0;B#16#0;
HEADER.Teil_Aktuell_Daten.Res_128_999[187];BYTE;B#16#0;B#16#0;
HEADER.Teil_Aktuell_Daten.Res_128_999[188];BYTE;B#16#0;B#16#0;
HEADER.Teil_Aktuell_Daten.Res_128_999[189];BYTE;B#16#0;B#16#0;
HEADER.Teil_Aktuell_Daten.Res_128_999[190];BYTE;B#16#0;B#16#0;
HEADER.Teil_Aktuell_Daten.Res_128_999[191];BYTE;B#16#0;B#16#0;
HEADER.Teil_Aktuell_Daten.Res_128_999[192];BYTE;B#16#0;B#16#0;
HEADER.Teil_Aktuell_Daten.Res_128_999[193];BYTE;B#16#0;B#16#0;
HEADER.Teil_Aktuell_Daten.Res_128_999[194];BYTE;B#16#0;B#16#0;
HEADER.Teil_Aktuell_Daten.Res_128_999[195];BYTE;B#16#0;B#16#0;
HEADER.Teil_Aktuell_Daten.Res_128_999[196];BYTE;B#16#0;B#16#0;
HEADER.Teil_Aktuell_Daten.Res_128_999[197];BYTE;B#16#0;B#16#0;
HEADER.Teil_Aktuell_Daten.Res_128_999[198];BYTE;B#16#0;B#16#0;
HEADER.Teil_Aktuell_Daten.Res_128_999[199];BYTE;B#16#0;B#16#0;
HEADER.Teil_Aktuell_Daten.Res_128_999[200];BYTE;B#16#0;B#16#0;
HEADER.Teil_Aktuell_Daten.Res_128_999[201];BYTE;B#16#0;B#16#0;
HEADER.Teil_Aktuell_Daten.Res_128_999[202];BYTE;B#16#0;B#16#0;
HEADER.Teil_Aktuell_Daten.Res_128_999[203];BYTE;B#16#0;B#16#0;
HEADER.Teil_Aktuell_Daten.Res_128_999[204];BYTE;B#16#0;B#16#0;
HEADER.Teil_Aktuell_Daten.Res_128_999[205];BYTE;B#16#0;B#16#0;
HEADER.Teil_Aktuell_Daten.Res_128_999[206];BYTE;B#16#0;B#16#0;
HEADER.Teil_Aktuell_Daten.Res_128_999[207];BYTE;B#16#0;B#16#0;
HEADER.Teil_Aktuell_Daten.Res_128_999[208];BYTE;B#16#0;B#16#0;
HEADER.Teil_Aktuell_Daten.Res_128_999[209];BYTE;B#16#0;B#16#0;
HEADER.Teil_Aktuell_Daten.Res_128_999[210];BYTE;B#16#0;B#16#0;
HEADER.Teil_Aktuell_Daten.Res_128_999[211];BYTE;B#16#0;B#16#0;
HEADER.Teil_Aktuell_Daten.Res_128_999[212];BYTE;B#16#0;B#16#0;
HEADER.Teil_Aktuell_Daten.Res_128_999[213];BYTE;B#16#0;B#16#0;
HEADER.Teil_Aktuell_Daten.Res_128_999[214];BYTE;B#16#0;B#16#0;
HEADER.Teil_Aktuell_Daten.Res_128_999[215];BYTE;B#16#0;B#16#0;
HEADER.Teil_Aktuell_Daten.Res_128_999[216];BYTE;B#16#0;B#16#0;
HEADER.Teil_Aktuell_Daten.Res_128_999[217];BYTE;B#16#0;B#16#0;
HEADER.Teil_Aktuell_Daten.Res_128_999[218];BYTE;B#16#0;B#16#0;
HEADER.Teil_Aktuell_Daten.Res_128_999[219];BYTE;B#16#0;B#16#0;
HEADER.Teil_Aktuell_Daten.Res_128_999[220];BYTE;B#16#0;B#16#0;
HEADER.Teil_Aktuell_Daten.Res_128_999[221];BYTE;B#16#0;B#16#0;
HEADER.Teil_Aktuell_Daten.Res_128_999[222];BYTE;B#16#0;B#16#0;
HEADER.Teil_Aktuell_Daten.Res_128_999[223];BYTE;B#16#0;B#16#0;
HEADER.Teil_Aktuell_Daten.Res_128_999[224];BYTE;B#16#0;B#16#0;
HEADER.Teil_Aktuell_Daten.Res_128_999[225];BYTE;B#16#0;B#16#0;
HEADER.Teil_Aktuell_Daten.Res_128_999[226];BYTE;B#16#0;B#16#0;
HEADER.Teil_Aktuell_Daten.Res_128_999[227];BYTE;B#16#0;B#16#0;
HEADER.Teil_Aktuell_Daten.Res_128_999[228];BYTE;B#16#0;B#16#0;
HEADER.Teil_Aktuell_Daten.Res_128_999[229];BYTE;B#16#0;B#16#0;
HEADER.Teil_Aktuell_Daten.Res_128_999[230];BYTE;B#16#0;B#16#0;
HEADER.Teil_Aktuell_Daten.Res_128_999[231];BYTE;B#16#0;B#16#0;
HEADER.Teil_Aktuell_Daten.Res_128_999[232];BYTE;B#16#0;B#16#0;
HEADER.Teil_Aktuell_Daten.Res_128_999[233];BYTE;B#16#0;B#16#0;
HEADER.Teil_Aktuell_Daten.Res_128_999[234];BYTE;B#16#0;B#16#0;
HEADER.Teil_Aktuell_Daten.Res_128_999[235];BYTE;B#16#0;B#16#0;
HEADER.Teil_Aktuell_Daten.Res_128_999[236];BYTE;B#16#0;B#16#0;
HEADER.Teil_Aktuell_Daten.Res_128_999[237];BYTE;B#16#0;B#16#0;
HEADER.Teil_Aktuell_Daten.Res_128_999[238];BYTE;B#16#0;B#16#0;
HEADER.Teil_Aktuell_Daten.Res_128_999[239];BYTE;B#16#0;B#16#0;
HEADER.Teil_Aktuell_Daten.Res_128_999[240];BYTE;B#16#0;B#16#0;
HEADER.Teil_Aktuell_Daten.Res_128_999[241];BYTE;B#16#0;B#16#0;
HEADER.Teil_Aktuell_Daten.Res_128_999[242];BYTE;B#16#0;B#16#0;
HEADER.Teil_Aktuell_Daten.Res_128_999[243];BYTE;B#16#0;B#16#0;
HEADER.Teil_Aktuell_Daten.Res_128_999[244];BYTE;B#16#0;B#16#0;
HEADER.Teil_Aktuell_Daten.Res_128_999[245];BYTE;B#16#0;B#16#0;
HEADER.Teil_Aktuell_Daten.Res_128_999[246];BYTE;B#16#0;B#16#0;
HEADER.Teil_Aktuell_Daten.Res_128_999[247];BYTE;B#16#0;B#16#0;
HEADER.Teil_Aktuell_Daten.Res_128_999[248];BYTE;B#16#0;B#16#0;
HEADER.Teil_Aktuell_Daten.Res_128_999[249];BYTE;B#16#0;B#16#0;
HEADER.Teil_Aktuell_Daten.Res_128_999[250];BYTE;B#16#0;B#16#0;
HEADER.Teil_Aktuell_Daten.Res_128_999[251];BYTE;B#16#0;B#16#0;
HEADER.Teil_Aktuell_Daten.Res_128_999[252];BYTE;B#16#0;B#16#0;
HEADER.Teil_Aktuell_Daten.Res_128_999[253];BYTE;B#16#0;B#16#0;
HEADER.Teil_Aktuell_Daten.Res_128_999[254];BYTE;B#16#0;B#16#0;
HEADER.Teil_Aktuell_Daten.Res_128_999[255];BYTE;B#16#0;B#16#0;
HEADER.Teil_Aktuell_Daten.Res_128_999[256];BYTE;B#16#0;B#16#0;
HEADER.Teil_Aktuell_Daten.Res_128_999[257];BYTE;B#16#0;B#16#0;
HEADER.Teil_Aktuell_Daten.Res_128_999[258];BYTE;B#16#0;B#16#0;
HEADER.Teil_Aktuell_Daten.Res_128_999[259];BYTE;B#16#0;B#16#0;
HEADER.Teil_Aktuell_Daten.Res_128_999[260];BYTE;B#16#0;B#16#0;
HEADER.Teil_Aktuell_Daten.Res_128_999[261];BYTE;B#16#0;B#16#0;
HEADER.Teil_Aktuell_Daten.Res_128_999[262];BYTE;B#16#0;B#16#0;
HEADER.Teil_Aktuell_Daten.Res_128_999[263];BYTE;B#16#0;B#16#0;
HEADER.Teil_Aktuell_Daten.Res_128_999[264];BYTE;B#16#0;B#16#0;
HEADER.Teil_Aktuell_Daten.Res_128_999[265];BYTE;B#16#0;B#16#0;
HEADER.Teil_Aktuell_Daten.Res_128_999[266];BYTE;B#16#0;B#16#0;
HEADER.Teil_Aktuell_Daten.Res_128_999[267];BYTE;B#16#0;B#16#0;
HEADER.Teil_Aktuell_Daten.Res_128_999[268];BYTE;B#16#0;B#16#0;
HEADER.Teil_Aktuell_Daten.Res_128_999[269];BYTE;B#16#0;B#16#0;
HEADER.Teil_Aktuell_Daten.Res_128_999[270];BYTE;B#16#0;B#16#0;
HEADER.Teil_Aktuell_Daten.Res_128_999[271];BYTE;B#16#0;B#16#0;
HEADER.Teil_Aktuell_Daten.Res_128_999[272];BYTE;B#16#0;B#16#0;
HEADER.Teil_Aktuell_Daten.Res_128_999[273];BYTE;B#16#0;B#16#0;
HEADER.Teil_Aktuell_Daten.Res_128_999[274];BYTE;B#16#0;B#16#0;
HEADER.Teil_Aktuell_Daten.Res_128_999[275];BYTE;B#16#0;B#16#0;
HEADER.Teil_Aktuell_Daten.Res_128_999[276];BYTE;B#16#0;B#16#0;
HEADER.Teil_Aktuell_Daten.Res_128_999[277];BYTE;B#16#0;B#16#0;
HEADER.Teil_Aktuell_Daten.Res_128_999[278];BYTE;B#16#0;B#16#0;
HEADER.Teil_Aktuell_Daten.Res_128_999[279];BYTE;B#16#0;B#16#0;
HEADER.Teil_Aktuell_Daten.Res_128_999[280];BYTE;B#16#0;B#16#0;
HEADER.Teil_Aktuell_Daten.Res_128_999[281];BYTE;B#16#0;B#16#0;
HEADER.Teil_Aktuell_Daten.Res_128_999[282];BYTE;B#16#0;B#16#0;
HEADER.Teil_Aktuell_Daten.Res_128_999[283];BYTE;B#16#0;B#16#0;
HEADER.Teil_Aktuell_Daten.Res_128_999[284];BYTE;B#16#0;B#16#0;
HEADER.Teil_Aktuell_Daten.Res_128_999[285];BYTE;B#16#0;B#16#0;
HEADER.Teil_Aktuell_Daten.Res_128_999[286];BYTE;B#16#0;B#16#0;
HEADER.Teil_Aktuell_Daten.Res_128_999[287];BYTE;B#16#0;B#16#0;
HEADER.Teil_Aktuell_Daten.Res_128_999[288];BYTE;B#16#0;B#16#0;
HEADER.Teil_Aktuell_Daten.Res_128_999[289];BYTE;B#16#0;B#16#0;
HEADER.Teil_Aktuell_Daten.Res_128_999[290];BYTE;B#16#0;B#16#0;
HEADER.Teil_Aktuell_Daten.Res_128_999[291];BYTE;B#16#0;B#16#0;
HEADER.Teil_Aktuell_Daten.Res_128_999[292];BYTE;B#16#0;B#16#0;
HEADER.Teil_Aktuell_Daten.Res_128_999[293];BYTE;B#16#0;B#16#0;
HEADER.Teil_Aktuell_Daten.Res_128_999[294];BYTE;B#16#0;B#16#0;
HEADER.Teil_Aktuell_Daten.Res_128_999[295];BYTE;B#16#0;B#16#0;
HEADER.Teil_Aktuell_Daten.Res_128_999[296];BYTE;B#16#0;B#16#0;
HEADER.Teil_Aktuell_Daten.Res_128_999[297];BYTE;B#16#0;B#16#0;
HEADER.Teil_Aktuell_Daten.Res_128_999[298];BYTE;B#16#0;B#16#0;
HEADER.Teil_Aktuell_Daten.Res_128_999[299];BYTE;B#16#0;B#16#0;
HEADER.Teil_Aktuell_Daten.Res_128_999[300];BYTE;B#16#0;B#16#0;
HEADER.Teil_Aktuell_Daten.Res_128_999[301];BYTE;B#16#0;B#16#0;
HEADER.Teil_Aktuell_Daten.Res_128_999[302];BYTE;B#16#0;B#16#0;
HEADER.Teil_Aktuell_Daten.Res_128_999[303];BYTE;B#16#0;B#16#0;
HEADER.Teil_Aktuell_Daten.Res_128_999[304];BYTE;B#16#0;B#16#0;
HEADER.Teil_Aktuell_Daten.Res_128_999[305];BYTE;B#16#0;B#16#0;
HEADER.Teil_Aktuell_Daten.Res_128_999[306];BYTE;B#16#0;B#16#0;
HEADER.Teil_Aktuell_Daten.Res_128_999[307];BYTE;B#16#0;B#16#0;
HEADER.Teil_Aktuell_Daten.Res_128_999[308];BYTE;B#16#0;B#16#0;
HEADER.Teil_Aktuell_Daten.Res_128_999[309];BYTE;B#16#0;B#16#0;
HEADER.Teil_Aktuell_Daten.Res_128_999[310];BYTE;B#16#0;B#16#0;
HEADER.Teil_Aktuell_Daten.Res_128_999[311];BYTE;B#16#0;B#16#0;
HEADER.Teil_Aktuell_Daten.Res_128_999[312];BYTE;B#16#0;B#16#0;
HEADER.Teil_Aktuell_Daten.Res_128_999[313];BYTE;B#16#0;B#16#0;
HEADER.Teil_Aktuell_Daten.Res_128_999[314];BYTE;B#16#0;B#16#0;
HEADER.Teil_Aktuell_Daten.Res_128_999[315];BYTE;B#16#0;B#16#0;
HEADER.Teil_Aktuell_Daten.Res_128_999[316];BYTE;B#16#0;B#16#0;
HEADER.Teil_Aktuell_Daten.Res_128_999[317];BYTE;B#16#0;B#16#0;
HEADER.Teil_Aktuell_Daten.Res_128_999[318];BYTE;B#16#0;B#16#0;
HEADER.Teil_Aktuell_Daten.Res_128_999[319];BYTE;B#16#0;B#16#0;
HEADER.Teil_Aktuell_Daten.Res_128_999[320];BYTE;B#16#0;B#16#0;
HEADER.Teil_Aktuell_Daten.Res_128_999[321];BYTE;B#16#0;B#16#0;
HEADER.Teil_Aktuell_Daten.Res_128_999[322];BYTE;B#16#0;B#16#0;
HEADER.Teil_Aktuell_Daten.Res_128_999[323];BYTE;B#16#0;B#16#0;
HEADER.Teil_Aktuell_Daten.Res_128_999[324];BYTE;B#16#0;B#16#0;
HEADER.Teil_Aktuell_Daten.Res_128_999[325];BYTE;B#16#0;B#16#0;
HEADER.Teil_Aktuell_Daten.Res_128_999[326];BYTE;B#16#0;B#16#0;
HEADER.Teil_Aktuell_Daten.Res_128_999[327];BYTE;B#16#0;B#16#0;
HEADER.Teil_Aktuell_Daten.Res_128_999[328];BYTE;B#16#0;B#16#0;
HEADER.Teil_Aktuell_Daten.Res_128_999[329];BYTE;B#16#0;B#16#0;
HEADER.Teil_Aktuell_Daten.Res_128_999[330];BYTE;B#16#0;B#16#0;
HEADER.Teil_Aktuell_Daten.Res_128_999[331];BYTE;B#16#0;B#16#0;
HEADER.Teil_Aktuell_Daten.Res_128_999[332];BYTE;B#16#0;B#16#0;
HEADER.Teil_Aktuell_Daten.Res_128_999[333];BYTE;B#16#0;B#16#0;
HEADER.Teil_Aktuell_Daten.Res_128_999[334];BYTE;B#16#0;B#16#0;
HEADER.Teil_Aktuell_Daten.Res_128_999[335];BYTE;B#16#0;B#16#0;
HEADER.Teil_Aktuell_Daten.Res_128_999[336];BYTE;B#16#0;B#16#0;
HEADER.Teil_Aktuell_Daten.Res_128_999[337];BYTE;B#16#0;B#16#0;
HEADER.Teil_Aktuell_Daten.Res_128_999[338];BYTE;B#16#0;B#16#0;
HEADER.Teil_Aktuell_Daten.Res_128_999[339];BYTE;B#16#0;B#16#0;
HEADER.Teil_Aktuell_Daten.Res_128_999[340];BYTE;B#16#0;B#16#0;
HEADER.Teil_Aktuell_Daten.Res_128_999[341];BYTE;B#16#0;B#16#0;
HEADER.Teil_Aktuell_Daten.Res_128_999[342];BYTE;B#16#0;B#16#0;
HEADER.Teil_Aktuell_Daten.Res_128_999[343];BYTE;B#16#0;B#16#0;
HEADER.Teil_Aktuell_Daten.Res_128_999[344];BYTE;B#16#0;B#16#0;
HEADER.Teil_Aktuell_Daten.Res_128_999[345];BYTE;B#16#0;B#16#0;
HEADER.Teil_Aktuell_Daten.Res_128_999[346];BYTE;B#16#0;B#16#0;
HEADER.Teil_Aktuell_Daten.Res_128_999[347];BYTE;B#16#0;B#16#0;
HEADER.Teil_Aktuell_Daten.Res_128_999[348];BYTE;B#16#0;B#16#0;
HEADER.Teil_Aktuell_Daten.Res_128_999[349];BYTE;B#16#0;B#16#0;
HEADER.Teil_Aktuell_Daten.Res_128_999[350];BYTE;B#16#0;B#16#0;
HEADER.Teil_Aktuell_Daten.Res_128_999[351];BYTE;B#16#0;B#16#0;
HEADER.Teil_Aktuell_Daten.Res_128_999[352];BYTE;B#16#0;B#16#0;
HEADER.Teil_Aktuell_Daten.Res_128_999[353];BYTE;B#16#0;B#16#0;
HEADER.Teil_Aktuell_Daten.Res_128_999[354];BYTE;B#16#0;B#16#0;
HEADER.Teil_Aktuell_Daten.Res_128_999[355];BYTE;B#16#0;B#16#0;
HEADER.Teil_Aktuell_Daten.Res_128_999[356];BYTE;B#16#0;B#16#0;
HEADER.Teil_Aktuell_Daten.Res_128_999[357];BYTE;B#16#0;B#16#0;
HEADER.Teil_Aktuell_Daten.Res_128_999[358];BYTE;B#16#0;B#16#0;
HEADER.Teil_Aktuell_Daten.Res_128_999[359];BYTE;B#16#0;B#16#0;
HEADER.Teil_Aktuell_Daten.Res_128_999[360];BYTE;B#16#0;B#16#0;
HEADER.Teil_Aktuell_Daten.Res_128_999[361];BYTE;B#16#0;B#16#0;
HEADER.Teil_Aktuell_Daten.Res_128_999[362];BYTE;B#16#0;B#16#0;
HEADER.Teil_Aktuell_Daten.Res_128_999[363];BYTE;B#16#0;B#16#0;
HEADER.Teil_Aktuell_Daten.Res_128_999[364];BYTE;B#16#0;B#16#0;
HEADER.Teil_Aktuell_Daten.Res_128_999[365];BYTE;B#16#0;B#16#0;
HEADER.Teil_Aktuell_Daten.Res_128_999[366];BYTE;B#16#0;B#16#0;
HEADER.Teil_Aktuell_Daten.Res_128_999[367];BYTE;B#16#0;B#16#0;
HEADER.Teil_Aktuell_Daten.Res_128_999[368];BYTE;B#16#0;B#16#0;
HEADER.Teil_Aktuell_Daten.Res_128_999[369];BYTE;B#16#0;B#16#0;
HEADER.Teil_Aktuell_Daten.Res_128_999[370];BYTE;B#16#0;B#16#0;
HEADER.Teil_Aktuell_Daten.Res_128_999[371];BYTE;B#16#0;B#16#0;
HEADER.Teil_Aktuell_Daten.Res_128_999[372];BYTE;B#16#0;B#16#0;
HEADER.Teil_Aktuell_Daten.Res_128_999[373];BYTE;B#16#0;B#16#0;
HEADER.Teil_Aktuell_Daten.Res_128_999[374];BYTE;B#16#0;B#16#0;
HEADER.Teil_Aktuell_Daten.Res_128_999[375];BYTE;B#16#0;B#16#0;
HEADER.Teil_Aktuell_Daten.Res_128_999[376];BYTE;B#16#0;B#16#0;
HEADER.Teil_Aktuell_Daten.Res_128_999[377];BYTE;B#16#0;B#16#0;
HEADER.Teil_Aktuell_Daten.Res_128_999[378];BYTE;B#16#0;B#16#0;
HEADER.Teil_Aktuell_Daten.Res_128_999[379];BYTE;B#16#0;B#16#0;
HEADER.Teil_Aktuell_Daten.Res_128_999[380];BYTE;B#16#0;B#16#0;
HEADER.Teil_Aktuell_Daten.Res_128_999[381];BYTE;B#16#0;B#16#0;
HEADER.Teil_Aktuell_Daten.Res_128_999[382];BYTE;B#16#0;B#16#0;
HEADER.Teil_Aktuell_Daten.Res_128_999[383];BYTE;B#16#0;B#16#0;
HEADER.Teil_Aktuell_Daten.Res_128_999[384];BYTE;B#16#0;B#16#0;
HEADER.Teil_Aktuell_Daten.Res_128_999[385];BYTE;B#16#0;B#16#0;
HEADER.Teil_Aktuell_Daten.Res_128_999[386];BYTE;B#16#0;B#16#0;
HEADER.Teil_Aktuell_Daten.Res_128_999[387];BYTE;B#16#0;B#16#0;
HEADER.Teil_Aktuell_Daten.Res_128_999[388];BYTE;B#16#0;B#16#0;
HEADER.Teil_Aktuell_Daten.Res_128_999[389];BYTE;B#16#0;B#16#0;
HEADER.Teil_Aktuell_Daten.Res_128_999[390];BYTE;B#16#0;B#16#0;
HEADER.Teil_Aktuell_Daten.Res_128_999[391];BYTE;B#16#0;B#16#0;
HEADER.Teil_Aktuell_Daten.Res_128_999[392];BYTE;B#16#0;B#16#0;
HEADER.Teil_Aktuell_Daten.Res_128_999[393];BYTE;B#16#0;B#16#0;
HEADER.Teil_Aktuell_Daten.Res_128_999[394];BYTE;B#16#0;B#16#0;
HEADER.Teil_Aktuell_Daten.Res_128_999[395];BYTE;B#16#0;B#16#0;
HEADER.Teil_Aktuell_Daten.Res_128_999[396];BYTE;B#16#0;B#16#0;
HEADER.Teil_Aktuell_Daten.Res_128_999[397];BYTE;B#16#0;B#16#0;
HEADER.Teil_Aktuell_Daten.Res_128_999[398];BYTE;B#16#0;B#16#0;
HEADER.Teil_Aktuell_Daten.Res_128_999[399];BYTE;B#16#0;B#16#0;
HEADER.Teil_Aktuell_Daten.Res_128_999[400];BYTE;B#16#0;B#16#0;
HEADER.Teil_Aktuell_Daten.Res_128_999[401];BYTE;B#16#0;B#16#0;
HEADER.Teil_Aktuell_Daten.Res_128_999[402];BYTE;B#16#0;B#16#0;
HEADER.Teil_Aktuell_Daten.Res_128_999[403];BYTE;B#16#0;B#16#0;
HEADER.Teil_Aktuell_Daten.Res_128_999[404];BYTE;B#16#0;B#16#0;
HEADER.Teil_Aktuell_Daten.Res_128_999[405];BYTE;B#16#0;B#16#0;
HEADER.Teil_Aktuell_Daten.Res_128_999[406];BYTE;B#16#0;B#16#0;
HEADER.Teil_Aktuell_Daten.Res_128_999[407];BYTE;B#16#0;B#16#0;
HEADER.Teil_Aktuell_Daten.Res_128_999[408];BYTE;B#16#0;B#16#0;
HEADER.Teil_Aktuell_Daten.Res_128_999[409];BYTE;B#16#0;B#16#0;
HEADER.Teil_Aktuell_Daten.Res_128_999[410];BYTE;B#16#0;B#16#0;
HEADER.Teil_Aktuell_Daten.Res_128_999[411];BYTE;B#16#0;B#16#0;
HEADER.Teil_Aktuell_Daten.Res_128_999[412];BYTE;B#16#0;B#16#0;
HEADER.Teil_Aktuell_Daten.Res_128_999[413];BYTE;B#16#0;B#16#0;
HEADER.Teil_Aktuell_Daten.Res_128_999[414];BYTE;B#16#0;B#16#0;
HEADER.Teil_Aktuell_Daten.Res_128_999[415];BYTE;B#16#0;B#16#0;
HEADER.Teil_Aktuell_Daten.Res_128_999[416];BYTE;B#16#0;B#16#0;
HEADER.Teil_Aktuell_Daten.Res_128_999[417];BYTE;B#16#0;B#16#0;
HEADER.Teil_Aktuell_Daten.Res_128_999[418];BYTE;B#16#0;B#16#0;
HEADER.Teil_Aktuell_Daten.Res_128_999[419];BYTE;B#16#0;B#16#0;
HEADER.Teil_Aktuell_Daten.Res_128_999[420];BYTE;B#16#0;B#16#0;
HEADER.Teil_Aktuell_Daten.Res_128_999[421];BYTE;B#16#0;B#16#0;
HEADER.Teil_Aktuell_Daten.Res_128_999[422];BYTE;B#16#0;B#16#0;
HEADER.Teil_Aktuell_Daten.Res_128_999[423];BYTE;B#16#0;B#16#0;
HEADER.Teil_Aktuell_Daten.Res_128_999[424];BYTE;B#16#0;B#16#0;
HEADER.Teil_Aktuell_Daten.Res_128_999[425];BYTE;B#16#0;B#16#0;
HEADER.Teil_Aktuell_Daten.Res_128_999[426];BYTE;B#16#0;B#16#0;
HEADER.Teil_Aktuell_Daten.Res_128_999[427];BYTE;B#16#0;B#16#0;
HEADER.Teil_Aktuell_Daten.Res_128_999[428];BYTE;B#16#0;B#16#0;
HEADER.Teil_Aktuell_Daten.Res_128_999[429];BYTE;B#16#0;B#16#0;
HEADER.Teil_Aktuell_Daten.Res_128_999[430];BYTE;B#16#0;B#16#0;
HEADER.Teil_Aktuell_Daten.Res_128_999[431];BYTE;B#16#0;B#16#0;
HEADER.Teil_Aktuell_Daten.Res_128_999[432];BYTE;B#16#0;B#16#0;
HEADER.Teil_Aktuell_Daten.Res_128_999[433];BYTE;B#16#0;B#16#0;
HEADER.Teil_Aktuell_Daten.Res_128_999[434];BYTE;B#16#0;B#16#0;
HEADER.Teil_Aktuell_Daten.Res_128_999[435];BYTE;B#16#0;B#16#0;
HEADER.Teil_Aktuell_Daten.Res_128_999[436];BYTE;B#16#0;B#16#0;
HEADER.Teil_Aktuell_Daten.Res_128_999[437];BYTE;B#16#0;B#16#0;
HEADER.Teil_Aktuell_Daten.Res_128_999[438];BYTE;B#16#0;B#16#0;
HEADER.Teil_Aktuell_Daten.Res_128_999[439];BYTE;B#16#0;B#16#0;
HEADER.Teil_Aktuell_Daten.Res_128_999[440];BYTE;B#16#0;B#16#0;
HEADER.Teil_Aktuell_Daten.Res_128_999[441];BYTE;B#16#0;B#16#0;
HEADER.Teil_Aktuell_Daten.Res_128_999[442];BYTE;B#16#0;B#16#0;
HEADER.Teil_Aktuell_Daten.Res_128_999[443];BYTE;B#16#0;B#16#0;
HEADER.Teil_Aktuell_Daten.Res_128_999[444];BYTE;B#16#0;B#16#0;
HEADER.Teil_Aktuell_Daten.Res_128_999[445];BYTE;B#16#0;B#16#0;
HEADER.Teil_Aktuell_Daten.Res_128_999[446];BYTE;B#16#0;B#16#0;
HEADER.Teil_Aktuell_Daten.Res_128_999[447];BYTE;B#16#0;B#16#0;
HEADER.Teil_Aktuell_Daten.Res_128_999[448];BYTE;B#16#0;B#16#0;
HEADER.Teil_Aktuell_Daten.Res_128_999[449];BYTE;B#16#0;B#16#0;
HEADER.Teil_Aktuell_Daten.Res_128_999[450];BYTE;B#16#0;B#16#0;
HEADER.Teil_Aktuell_Daten.Res_128_999[451];BYTE;B#16#0;B#16#0;
HEADER.Teil_Aktuell_Daten.Res_128_999[452];BYTE;B#16#0;B#16#0;
HEADER.Teil_Aktuell_Daten.Res_128_999[453];BYTE;B#16#0;B#16#0;
HEADER.Teil_Aktuell_Daten.Res_128_999[454];BYTE;B#16#0;B#16#0;
HEADER.Teil_Aktuell_Daten.Res_128_999[455];BYTE;B#16#0;B#16#0;
HEADER.Teil_Aktuell_Daten.Res_128_999[456];BYTE;B#16#0;B#16#0;
HEADER.Teil_Aktuell_Daten.Res_128_999[457];BYTE;B#16#0;B#16#0;
HEADER.Teil_Aktuell_Daten.Res_128_999[458];BYTE;B#16#0;B#16#0;
HEADER.Teil_Aktuell_Daten.Res_128_999[459];BYTE;B#16#0;B#16#0;
HEADER.Teil_Aktuell_Daten.Res_128_999[460];BYTE;B#16#0;B#16#0;
HEADER.Teil_Aktuell_Daten.Res_128_999[461];BYTE;B#16#0;B#16#0;
HEADER.Teil_Aktuell_Daten.Res_128_999[462];BYTE;B#16#0;B#16#0;
HEADER.Teil_Aktuell_Daten.Res_128_999[463];BYTE;B#16#0;B#16#0;
HEADER.Teil_Aktuell_Daten.Res_128_999[464];BYTE;B#16#0;B#16#0;
HEADER.Teil_Aktuell_Daten.Res_128_999[465];BYTE;B#16#0;B#16#0;
HEADER.Teil_Aktuell_Daten.Res_128_999[466];BYTE;B#16#0;B#16#0;
HEADER.Teil_Aktuell_Daten.Res_128_999[467];BYTE;B#16#0;B#16#0;
HEADER.Teil_Aktuell_Daten.Res_128_999[468];BYTE;B#16#0;B#16#0;
HEADER.Teil_Aktuell_Daten.Res_128_999[469];BYTE;B#16#0;B#16#0;
HEADER.Teil_Aktuell_Daten.Res_128_999[470];BYTE;B#16#0;B#16#0;
HEADER.Teil_Aktuell_Daten.Res_128_999[471];BYTE;B#16#0;B#16#0;
HEADER.Teil_Aktuell_Daten.Res_128_999[472];BYTE;B#16#0;B#16#0;
HEADER.Teil_Aktuell_Daten.Res_128_999[473];BYTE;B#16#0;B#16#0;
HEADER.Teil_Aktuell_Daten.Res_128_999[474];BYTE;B#16#0;B#16#0;
HEADER.Teil_Aktuell_Daten.Res_128_999[475];BYTE;B#16#0;B#16#0;
HEADER.Teil_Aktuell_Daten.Res_128_999[476];BYTE;B#16#0;B#16#0;
HEADER.Teil_Aktuell_Daten.Res_128_999[477];BYTE;B#16#0;B#16#0;
HEADER.Teil_Aktuell_Daten.Res_128_999[478];BYTE;B#16#0;B#16#0;
HEADER.Teil_Aktuell_Daten.Res_128_999[479];BYTE;B#16#0;B#16#0;
HEADER.Teil_Aktuell_Daten.Res_128_999[480];BYTE;B#16#0;B#16#0;
HEADER.Teil_Aktuell_Daten.Res_128_999[481];BYTE;B#16#0;B#16#0;
HEADER.Teil_Aktuell_Daten.Res_128_999[482];BYTE;B#16#0;B#16#0;
HEADER.Teil_Aktuell_Daten.Res_128_999[483];BYTE;B#16#0;B#16#0;
HEADER.Teil_Aktuell_Daten.Res_128_999[484];BYTE;B#16#0;B#16#0;
HEADER.Teil_Aktuell_Daten.Res_128_999[485];BYTE;B#16#0;B#16#0;
HEADER.Teil_Aktuell_Daten.Res_128_999[486];BYTE;B#16#0;B#16#0;
HEADER.Teil_Aktuell_Daten.Res_128_999[487];BYTE;B#16#0;B#16#0;
HEADER.Teil_Aktuell_Daten.Res_128_999[488];BYTE;B#16#0;B#16#0;
HEADER.Teil_Aktuell_Daten.Res_128_999[489];BYTE;B#16#0;B#16#0;
HEADER.Teil_Aktuell_Daten.Res_128_999[490];BYTE;B#16#0;B#16#0;
HEADER.Teil_Aktuell_Daten.Res_128_999[491];BYTE;B#16#0;B#16#0;
HEADER.Teil_Aktuell_Daten.Res_128_999[492];BYTE;B#16#0;B#16#0;
HEADER.Teil_Aktuell_Daten.Res_128_999[493];BYTE;B#16#0;B#16#0;
HEADER.Teil_Aktuell_Daten.Res_128_999[494];BYTE;B#16#0;B#16#0;
HEADER.Teil_Aktuell_Daten.Res_128_999[495];BYTE;B#16#0;B#16#0;
HEADER.Teil_Aktuell_Daten.Res_128_999[496];BYTE;B#16#0;B#16#0;
HEADER.Teil_Aktuell_Daten.Res_128_999[497];BYTE;B#16#0;B#16#0;
HEADER.Teil_Aktuell_Daten.Res_128_999[498];BYTE;B#16#0;B#16#0;
HEADER.Teil_Aktuell_Daten.Res_128_999[499];BYTE;B#16#0;B#16#0;
HEADER.Teil_Aktuell_Daten.Res_128_999[500];BYTE;B#16#0;B#16#0;
HEADER.Teil_Aktuell_Daten.Res_128_999[501];BYTE;B#16#0;B#16#0;
HEADER.Teil_Aktuell_Daten.Res_128_999[502];BYTE;B#16#0;B#16#0;
HEADER.Teil_Aktuell_Daten.Res_128_999[503];BYTE;B#16#0;B#16#0;
HEADER.Teil_Aktuell_Daten.Res_128_999[504];BYTE;B#16#0;B#16#0;
HEADER.Teil_Aktuell_Daten.Res_128_999[505];BYTE;B#16#0;B#16#0;
HEADER.Teil_Aktuell_Daten.Res_128_999[506];BYTE;B#16#0;B#16#0;
HEADER.Teil_Aktuell_Daten.Res_128_999[507];BYTE;B#16#0;B#16#0;
HEADER.Teil_Aktuell_Daten.Res_128_999[508];BYTE;B#16#0;B#16#0;
HEADER.Teil_Aktuell_Daten.Res_128_999[509];BYTE;B#16#0;B#16#0;
HEADER.Teil_Aktuell_Daten.Res_128_999[510];BYTE;B#16#0;B#16#0;
HEADER.Teil_Aktuell_Daten.Res_128_999[511];BYTE;B#16#0;B#16#0;
HEADER.Teil_Aktuell_Daten.Res_128_999[512];BYTE;B#16#0;B#16#0;
HEADER.Teil_Aktuell_Daten.Res_128_999[513];BYTE;B#16#0;B#16#0;
HEADER.Teil_Aktuell_Daten.Res_128_999[514];BYTE;B#16#0;B#16#0;
HEADER.Teil_Aktuell_Daten.Res_128_999[515];BYTE;B#16#0;B#16#0;
HEADER.Teil_Aktuell_Daten.Res_128_999[516];BYTE;B#16#0;B#16#0;
HEADER.Teil_Aktuell_Daten.Res_128_999[517];BYTE;B#16#0;B#16#0;
HEADER.Teil_Aktuell_Daten.Res_128_999[518];BYTE;B#16#0;B#16#0;
HEADER.Teil_Aktuell_Daten.Res_128_999[519];BYTE;B#16#0;B#16#0;
HEADER.Teil_Aktuell_Daten.Res_128_999[520];BYTE;B#16#0;B#16#0;
HEADER.Teil_Aktuell_Daten.Res_128_999[521];BYTE;B#16#0;B#16#0;
HEADER.Teil_Aktuell_Daten.Res_128_999[522];BYTE;B#16#0;B#16#0;
HEADER.Teil_Aktuell_Daten.Res_128_999[523];BYTE;B#16#0;B#16#0;
HEADER.Teil_Aktuell_Daten.Res_128_999[524];BYTE;B#16#0;B#16#0;
HEADER.Teil_Aktuell_Daten.Res_128_999[525];BYTE;B#16#0;B#16#0;
HEADER.Teil_Aktuell_Daten.Res_128_999[526];BYTE;B#16#0;B#16#0;
HEADER.Teil_Aktuell_Daten.Res_128_999[527];BYTE;B#16#0;B#16#0;
HEADER.Teil_Aktuell_Daten.Res_128_999[528];BYTE;B#16#0;B#16#0;
HEADER.Teil_Aktuell_Daten.Res_128_999[529];BYTE;B#16#0;B#16#0;
HEADER.Teil_Aktuell_Daten.Res_128_999[530];BYTE;B#16#0;B#16#0;
HEADER.Teil_Aktuell_Daten.Res_128_999[531];BYTE;B#16#0;B#16#0;
HEADER.Teil_Aktuell_Daten.Res_128_999[532];BYTE;B#16#0;B#16#0;
HEADER.Teil_Aktuell_Daten.Res_128_999[533];BYTE;B#16#0;B#16#0;
HEADER.Teil_Aktuell_Daten.Res_128_999[534];BYTE;B#16#0;B#16#0;
HEADER.Teil_Aktuell_Daten.Res_128_999[535];BYTE;B#16#0;B#16#0;
HEADER.Teil_Aktuell_Daten.Res_128_999[536];BYTE;B#16#0;B#16#0;
HEADER.Teil_Aktuell_Daten.Res_128_999[537];BYTE;B#16#0;B#16#0;
HEADER.Teil_Aktuell_Daten.Res_128_999[538];BYTE;B#16#0;B#16#0;
HEADER.Teil_Aktuell_Daten.Res_128_999[539];BYTE;B#16#0;B#16#0;
HEADER.Teil_Aktuell_Daten.Res_128_999[540];BYTE;B#16#0;B#16#0;
HEADER.Teil_Aktuell_Daten.Res_128_999[541];BYTE;B#16#0;B#16#0;
HEADER.Teil_Aktuell_Daten.Res_128_999[542];BYTE;B#16#0;B#16#0;
HEADER.Teil_Aktuell_Daten.Res_128_999[543];BYTE;B#16#0;B#16#0;
HEADER.Teil_Aktuell_Daten.Res_128_999[544];BYTE;B#16#0;B#16#0;
HEADER.Teil_Aktuell_Daten.Res_128_999[545];BYTE;B#16#0;B#16#0;
HEADER.Teil_Aktuell_Daten.Res_128_999[546];BYTE;B#16#0;B#16#0;
HEADER.Teil_Aktuell_Daten.Res_128_999[547];BYTE;B#16#0;B#16#0;
HEADER.Teil_Aktuell_Daten.Res_128_999[548];BYTE;B#16#0;B#16#0;
HEADER.Teil_Aktuell_Daten.Res_128_999[549];BYTE;B#16#0;B#16#0;
HEADER.Teil_Aktuell_Daten.Res_128_999[550];BYTE;B#16#0;B#16#0;
HEADER.Teil_Aktuell_Daten.Res_128_999[551];BYTE;B#16#0;B#16#0;
HEADER.Teil_Aktuell_Daten.Res_128_999[552];BYTE;B#16#0;B#16#0;
HEADER.Teil_Aktuell_Daten.Res_128_999[553];BYTE;B#16#0;B#16#0;
HEADER.Teil_Aktuell_Daten.Res_128_999[554];BYTE;B#16#0;B#16#0;
HEADER.Teil_Aktuell_Daten.Res_128_999[555];BYTE;B#16#0;B#16#0;
HEADER.Teil_Aktuell_Daten.Res_128_999[556];BYTE;B#16#0;B#16#0;
HEADER.Teil_Aktuell_Daten.Res_128_999[557];BYTE;B#16#0;B#16#0;
HEADER.Teil_Aktuell_Daten.Res_128_999[558];BYTE;B#16#0;B#16#0;
HEADER.Teil_Aktuell_Daten.Res_128_999[559];BYTE;B#16#0;B#16#0;
HEADER.Teil_Aktuell_Daten.Res_128_999[560];BYTE;B#16#0;B#16#0;
HEADER.Teil_Aktuell_Daten.Res_128_999[561];BYTE;B#16#0;B#16#0;
HEADER.Teil_Aktuell_Daten.Res_128_999[562];BYTE;B#16#0;B#16#0;
HEADER.Teil_Aktuell_Daten.Res_128_999[563];BYTE;B#16#0;B#16#0;
HEADER.Teil_Aktuell_Daten.Res_128_999[564];BYTE;B#16#0;B#16#0;
HEADER.Teil_Aktuell_Daten.Res_128_999[565];BYTE;B#16#0;B#16#0;
HEADER.Teil_Aktuell_Daten.Res_128_999[566];BYTE;B#16#0;B#16#0;
HEADER.Teil_Aktuell_Daten.Res_128_999[567];BYTE;B#16#0;B#16#0;
HEADER.Teil_Aktuell_Daten.Res_128_999[568];BYTE;B#16#0;B#16#0;
HEADER.Teil_Aktuell_Daten.Res_128_999[569];BYTE;B#16#0;B#16#0;
HEADER.Teil_Aktuell_Daten.Res_128_999[570];BYTE;B#16#0;B#16#0;
HEADER.Teil_Aktuell_Daten.Res_128_999[571];BYTE;B#16#0;B#16#0;
HEADER.Teil_Aktuell_Daten.Res_128_999[572];BYTE;B#16#0;B#16#0;
HEADER.Teil_Aktuell_Daten.Res_128_999[573];BYTE;B#16#0;B#16#0;
HEADER.Teil_Aktuell_Daten.Res_128_999[574];BYTE;B#16#0;B#16#0;
HEADER.Teil_Aktuell_Daten.Res_128_999[575];BYTE;B#16#0;B#16#0;
HEADER.Teil_Aktuell_Daten.Res_128_999[576];BYTE;B#16#0;B#16#0;
HEADER.Teil_Aktuell_Daten.Res_128_999[577];BYTE;B#16#0;B#16#0;
HEADER.Teil_Aktuell_Daten.Res_128_999[578];BYTE;B#16#0;B#16#0;
HEADER.Teil_Aktuell_Daten.Res_128_999[579];BYTE;B#16#0;B#16#0;
HEADER.Teil_Aktuell_Daten.Res_128_999[580];BYTE;B#16#0;B#16#0;
HEADER.Teil_Aktuell_Daten.Res_128_999[581];BYTE;B#16#0;B#16#0;
HEADER.Teil_Aktuell_Daten.Res_128_999[582];BYTE;B#16#0;B#16#0;
HEADER.Teil_Aktuell_Daten.Res_128_999[583];BYTE;B#16#0;B#16#0;
HEADER.Teil_Aktuell_Daten.Res_128_999[584];BYTE;B#16#0;B#16#0;
HEADER.Teil_Aktuell_Daten.Res_128_999[585];BYTE;B#16#0;B#16#0;
HEADER.Teil_Aktuell_Daten.Res_128_999[586];BYTE;B#16#0;B#16#0;
HEADER.Teil_Aktuell_Daten.Res_128_999[587];BYTE;B#16#0;B#16#0;
HEADER.Teil_Aktuell_Daten.Res_128_999[588];BYTE;B#16#0;B#16#0;
HEADER.Teil_Aktuell_Daten.Res_128_999[589];BYTE;B#16#0;B#16#0;
HEADER.Teil_Aktuell_Daten.Res_128_999[590];BYTE;B#16#0;B#16#0;
HEADER.Teil_Aktuell_Daten.Res_128_999[591];BYTE;B#16#0;B#16#0;
HEADER.Teil_Aktuell_Daten.Res_128_999[592];BYTE;B#16#0;B#16#0;
HEADER.Teil_Aktuell_Daten.Res_128_999[593];BYTE;B#16#0;B#16#0;
HEADER.Teil_Aktuell_Daten.Res_128_999[594];BYTE;B#16#0;B#16#0;
HEADER.Teil_Aktuell_Daten.Res_128_999[595];BYTE;B#16#0;B#16#0;
HEADER.Teil_Aktuell_Daten.Res_128_999[596];BYTE;B#16#0;B#16#0;
HEADER.Teil_Aktuell_Daten.Res_128_999[597];BYTE;B#16#0;B#16#0;
HEADER.Teil_Aktuell_Daten.Res_128_999[598];BYTE;B#16#0;B#16#0;
HEADER.Teil_Aktuell_Daten.Res_128_999[599];BYTE;B#16#0;B#16#0;
HEADER.Teil_Aktuell_Daten.Res_128_999[600];BYTE;B#16#0;B#16#0;
HEADER.Teil_Aktuell_Daten.Res_128_999[601];BYTE;B#16#0;B#16#0;
HEADER.Teil_Aktuell_Daten.Res_128_999[602];BYTE;B#16#0;B#16#0;
HEADER.Teil_Aktuell_Daten.Res_128_999[603];BYTE;B#16#0;B#16#0;
HEADER.Teil_Aktuell_Daten.Res_128_999[604];BYTE;B#16#0;B#16#0;
HEADER.Teil_Aktuell_Daten.Res_128_999[605];BYTE;B#16#0;B#16#0;
HEADER.Teil_Aktuell_Daten.Res_128_999[606];BYTE;B#16#0;B#16#0;
HEADER.Teil_Aktuell_Daten.Res_128_999[607];BYTE;B#16#0;B#16#0;
HEADER.Teil_Aktuell_Daten.Res_128_999[608];BYTE;B#16#0;B#16#0;
HEADER.Teil_Aktuell_Daten.Res_128_999[609];BYTE;B#16#0;B#16#0;
HEADER.Teil_Aktuell_Daten.Res_128_999[610];BYTE;B#16#0;B#16#0;
HEADER.Teil_Aktuell_Daten.Res_128_999[611];BYTE;B#16#0;B#16#0;
HEADER.Teil_Aktuell_Daten.Res_128_999[612];BYTE;B#16#0;B#16#0;
HEADER.Teil_Aktuell_Daten.Res_128_999[613];BYTE;B#16#0;B#16#0;
HEADER.Teil_Aktuell_Daten.Res_128_999[614];BYTE;B#16#0;B#16#0;
HEADER.Teil_Aktuell_Daten.Res_128_999[615];BYTE;B#16#0;B#16#0;
HEADER.Teil_Aktuell_Daten.Res_128_999[616];BYTE;B#16#0;B#16#0;
HEADER.Teil_Aktuell_Daten.Res_128_999[617];BYTE;B#16#0;B#16#0;
HEADER.Teil_Aktuell_Daten.Res_128_999[618];BYTE;B#16#0;B#16#0;
HEADER.Teil_Aktuell_Daten.Res_128_999[619];BYTE;B#16#0;B#16#0;
HEADER.Teil_Aktuell_Daten.Res_128_999[620];BYTE;B#16#0;B#16#0;
HEADER.Teil_Aktuell_Daten.Res_128_999[621];BYTE;B#16#0;B#16#0;
HEADER.Teil_Aktuell_Daten.Res_128_999[622];BYTE;B#16#0;B#16#0;
HEADER.Teil_Aktuell_Daten.Res_128_999[623];BYTE;B#16#0;B#16#0;
HEADER.Teil_Aktuell_Daten.Res_128_999[624];BYTE;B#16#0;B#16#0;
HEADER.Teil_Aktuell_Daten.Res_128_999[625];BYTE;B#16#0;B#16#0;
HEADER.Teil_Aktuell_Daten.Res_128_999[626];BYTE;B#16#0;B#16#0;
HEADER.Teil_Aktuell_Daten.Res_128_999[627];BYTE;B#16#0;B#16#0;
HEADER.Teil_Aktuell_Daten.Res_128_999[628];BYTE;B#16#0;B#16#0;
HEADER.Teil_Aktuell_Daten.Res_128_999[629];BYTE;B#16#0;B#16#0;
HEADER.Teil_Aktuell_Daten.Res_128_999[630];BYTE;B#16#0;B#16#0;
HEADER.Teil_Aktuell_Daten.Res_128_999[631];BYTE;B#16#0;B#16#0;
HEADER.Teil_Aktuell_Daten.Res_128_999[632];BYTE;B#16#0;B#16#0;
HEADER.Teil_Aktuell_Daten.Res_128_999[633];BYTE;B#16#0;B#16#0;
HEADER.Teil_Aktuell_Daten.Res_128_999[634];BYTE;B#16#0;B#16#0;
HEADER.Teil_Aktuell_Daten.Res_128_999[635];BYTE;B#16#0;B#16#0;
HEADER.Teil_Aktuell_Daten.Res_128_999[636];BYTE;B#16#0;B#16#0;
HEADER.Teil_Aktuell_Daten.Res_128_999[637];BYTE;B#16#0;B#16#0;
HEADER.Teil_Aktuell_Daten.Res_128_999[638];BYTE;B#16#0;B#16#0;
HEADER.Teil_Aktuell_Daten.Res_128_999[639];BYTE;B#16#0;B#16#0;
HEADER.Teil_Aktuell_Daten.Res_128_999[640];BYTE;B#16#0;B#16#0;
HEADER.Teil_Aktuell_Daten.Res_128_999[641];BYTE;B#16#0;B#16#0;
HEADER.Teil_Aktuell_Daten.Res_128_999[642];BYTE;B#16#0;B#16#0;
HEADER.Teil_Aktuell_Daten.Res_128_999[643];BYTE;B#16#0;B#16#0;
HEADER.Teil_Aktuell_Daten.Res_128_999[644];BYTE;B#16#0;B#16#0;
HEADER.Teil_Aktuell_Daten.Res_128_999[645];BYTE;B#16#0;B#16#0;
HEADER.Teil_Aktuell_Daten.Res_128_999[646];BYTE;B#16#0;B#16#0;
HEADER.Teil_Aktuell_Daten.Res_128_999[647];BYTE;B#16#0;B#16#0;
HEADER.Teil_Aktuell_Daten.Res_128_999[648];BYTE;B#16#0;B#16#0;
HEADER.Teil_Aktuell_Daten.Res_128_999[649];BYTE;B#16#0;B#16#0;
HEADER.Teil_Aktuell_Daten.Res_128_999[650];BYTE;B#16#0;B#16#0;
HEADER.Teil_Aktuell_Daten.Res_128_999[651];BYTE;B#16#0;B#16#0;
HEADER.Teil_Aktuell_Daten.Res_128_999[652];BYTE;B#16#0;B#16#0;
HEADER.Teil_Aktuell_Daten.Res_128_999[653];BYTE;B#16#0;B#16#0;
HEADER.Teil_Aktuell_Daten.Res_128_999[654];BYTE;B#16#0;B#16#0;
HEADER.Teil_Aktuell_Daten.Res_128_999[655];BYTE;B#16#0;B#16#0;
HEADER.Teil_Aktuell_Daten.Res_128_999[656];BYTE;B#16#0;B#16#0;
HEADER.Teil_Aktuell_Daten.Res_128_999[657];BYTE;B#16#0;B#16#0;
HEADER.Teil_Aktuell_Daten.Res_128_999[658];BYTE;B#16#0;B#16#0;
HEADER.Teil_Aktuell_Daten.Res_128_999[659];BYTE;B#16#0;B#16#0;
HEADER.Teil_Aktuell_Daten.Res_128_999[660];BYTE;B#16#0;B#16#0;
HEADER.Teil_Aktuell_Daten.Res_128_999[661];BYTE;B#16#0;B#16#0;
HEADER.Teil_Aktuell_Daten.Res_128_999[662];BYTE;B#16#0;B#16#0;
HEADER.Teil_Aktuell_Daten.Res_128_999[663];BYTE;B#16#0;B#16#0;
HEADER.Teil_Aktuell_Daten.Res_128_999[664];BYTE;B#16#0;B#16#0;
HEADER.Teil_Aktuell_Daten.Res_128_999[665];BYTE;B#16#0;B#16#0;
HEADER.Teil_Aktuell_Daten.Res_128_999[666];BYTE;B#16#0;B#16#0;
HEADER.Teil_Aktuell_Daten.Res_128_999[667];BYTE;B#16#0;B#16#0;
HEADER.Teil_Aktuell_Daten.Res_128_999[668];BYTE;B#16#0;B#16#0;
HEADER.Teil_Aktuell_Daten.Res_128_999[669];BYTE;B#16#0;B#16#0;
HEADER.Teil_Aktuell_Daten.Res_128_999[670];BYTE;B#16#0;B#16#0;
HEADER.Teil_Aktuell_Daten.Res_128_999[671];BYTE;B#16#0;B#16#0;
HEADER.Teil_Aktuell_Daten.Res_128_999[672];BYTE;B#16#0;B#16#0;
HEADER.Teil_Aktuell_Daten.Res_128_999[673];BYTE;B#16#0;B#16#0;
HEADER.Teil_Aktuell_Daten.Res_128_999[674];BYTE;B#16#0;B#16#0;
HEADER.Teil_Aktuell_Daten.Res_128_999[675];BYTE;B#16#0;B#16#0;
HEADER.Teil_Aktuell_Daten.Res_128_999[676];BYTE;B#16#0;B#16#0;
HEADER.Teil_Aktuell_Daten.Res_128_999[677];BYTE;B#16#0;B#16#0;
HEADER.Teil_Aktuell_Daten.Res_128_999[678];BYTE;B#16#0;B#16#0;
HEADER.Teil_Aktuell_Daten.Res_128_999[679];BYTE;B#16#0;B#16#0;
HEADER.Teil_Aktuell_Daten.Res_128_999[680];BYTE;B#16#0;B#16#0;
HEADER.Teil_Aktuell_Daten.Res_128_999[681];BYTE;B#16#0;B#16#0;
HEADER.Teil_Aktuell_Daten.Res_128_999[682];BYTE;B#16#0;B#16#0;
HEADER.Teil_Aktuell_Daten.Res_128_999[683];BYTE;B#16#0;B#16#0;
HEADER.Teil_Aktuell_Daten.Res_128_999[684];BYTE;B#16#0;B#16#0;
HEADER.Teil_Aktuell_Daten.Res_128_999[685];BYTE;B#16#0;B#16#0;
HEADER.Teil_Aktuell_Daten.Res_128_999[686];BYTE;B#16#0;B#16#0;
HEADER.Teil_Aktuell_Daten.Res_128_999[687];BYTE;B#16#0;B#16#0;
HEADER.Teil_Aktuell_Daten.Res_128_999[688];BYTE;B#16#0;B#16#0;
HEADER.Teil_Aktuell_Daten.Res_128_999[689];BYTE;B#16#0;B#16#0;
HEADER.Teil_Aktuell_Daten.Res_128_999[690];BYTE;B#16#0;B#16#0;
HEADER.Teil_Aktuell_Daten.Res_128_999[691];BYTE;B#16#0;B#16#0;
HEADER.Teil_Aktuell_Daten.Res_128_999[692];BYTE;B#16#0;B#16#0;
HEADER.Teil_Aktuell_Daten.Res_128_999[693];BYTE;B#16#0;B#16#0;
HEADER.Teil_Aktuell_Daten.Res_128_999[694];BYTE;B#16#0;B#16#0;
HEADER.Teil_Aktuell_Daten.Res_128_999[695];BYTE;B#16#0;B#16#0;
HEADER.Teil_Aktuell_Daten.Res_128_999[696];BYTE;B#16#0;B#16#0;
HEADER.Teil_Aktuell_Daten.Res_128_999[697];BYTE;B#16#0;B#16#0;
HEADER.Teil_Aktuell_Daten.Res_128_999[698];BYTE;B#16#0;B#16#0;
HEADER.Teil_Aktuell_Daten.Res_128_999[699];BYTE;B#16#0;B#16#0;
HEADER.Teil_Aktuell_Daten.Res_128_999[700];BYTE;B#16#0;B#16#0;
HEADER.Teil_Aktuell_Daten.Res_128_999[701];BYTE;B#16#0;B#16#0;
HEADER.Teil_Aktuell_Daten.Res_128_999[702];BYTE;B#16#0;B#16#0;
HEADER.Teil_Aktuell_Daten.Res_128_999[703];BYTE;B#16#0;B#16#0;
HEADER.Teil_Aktuell_Daten.Res_128_999[704];BYTE;B#16#0;B#16#0;
HEADER.Teil_Aktuell_Daten.Res_128_999[705];BYTE;B#16#0;B#16#0;
HEADER.Teil_Aktuell_Daten.Res_128_999[706];BYTE;B#16#0;B#16#0;
HEADER.Teil_Aktuell_Daten.Res_128_999[707];BYTE;B#16#0;B#16#0;
HEADER.Teil_Aktuell_Daten.Res_128_999[708];BYTE;B#16#0;B#16#0;
HEADER.Teil_Aktuell_Daten.Res_128_999[709];BYTE;B#16#0;B#16#0;
HEADER.Teil_Aktuell_Daten.Res_128_999[710];BYTE;B#16#0;B#16#0;
HEADER.Teil_Aktuell_Daten.Res_128_999[711];BYTE;B#16#0;B#16#0;
HEADER.Teil_Aktuell_Daten.Res_128_999[712];BYTE;B#16#0;B#16#0;
HEADER.Teil_Aktuell_Daten.Res_128_999[713];BYTE;B#16#0;B#16#0;
HEADER.Teil_Aktuell_Daten.Res_128_999[714];BYTE;B#16#0;B#16#0;
HEADER.Teil_Aktuell_Daten.Res_128_999[715];BYTE;B#16#0;B#16#0;
HEADER.Teil_Aktuell_Daten.Res_128_999[716];BYTE;B#16#0;B#16#0;
HEADER.Teil_Aktuell_Daten.Res_128_999[717];BYTE;B#16#0;B#16#0;
HEADER.Teil_Aktuell_Daten.Res_128_999[718];BYTE;B#16#0;B#16#0;
HEADER.Teil_Aktuell_Daten.Res_128_999[719];BYTE;B#16#0;B#16#0;
HEADER.Teil_Aktuell_Daten.Res_128_999[720];BYTE;B#16#0;B#16#0;
HEADER.Teil_Aktuell_Daten.Res_128_999[721];BYTE;B#16#0;B#16#0;
HEADER.Teil_Aktuell_Daten.Res_128_999[722];BYTE;B#16#0;B#16#0;
HEADER.Teil_Aktuell_Daten.Res_128_999[723];BYTE;B#16#0;B#16#0;
HEADER.Teil_Aktuell_Daten.Res_128_999[724];BYTE;B#16#0;B#16#0;
HEADER.Teil_Aktuell_Daten.Res_128_999[725];BYTE;B#16#0;B#16#0;
HEADER.Teil_Aktuell_Daten.Res_128_999[726];BYTE;B#16#0;B#16#0;
HEADER.Teil_Aktuell_Daten.Res_128_999[727];BYTE;B#16#0;B#16#0;
HEADER.Teil_Aktuell_Daten.Res_128_999[728];BYTE;B#16#0;B#16#0;
HEADER.Teil_Aktuell_Daten.Res_128_999[729];BYTE;B#16#0;B#16#0;
HEADER.Teil_Aktuell_Daten.Res_128_999[730];BYTE;B#16#0;B#16#0;
HEADER.Teil_Aktuell_Daten.Res_128_999[731];BYTE;B#16#0;B#16#0;
HEADER.Teil_Aktuell_Daten.Res_128_999[732];BYTE;B#16#0;B#16#0;
HEADER.Teil_Aktuell_Daten.Res_128_999[733];BYTE;B#16#0;B#16#0;
HEADER.Teil_Aktuell_Daten.Res_128_999[734];BYTE;B#16#0;B#16#0;
HEADER.Teil_Aktuell_Daten.Res_128_999[735];BYTE;B#16#0;B#16#0;
HEADER.Teil_Aktuell_Daten.Res_128_999[736];BYTE;B#16#0;B#16#0;
HEADER.Teil_Aktuell_Daten.Res_128_999[737];BYTE;B#16#0;B#16#0;
HEADER.Teil_Aktuell_Daten.Res_128_999[738];BYTE;B#16#0;B#16#0;
HEADER.Teil_Aktuell_Daten.Res_128_999[739];BYTE;B#16#0;B#16#0;
HEADER.Teil_Aktuell_Daten.Res_128_999[740];BYTE;B#16#0;B#16#0;
HEADER.Teil_Aktuell_Daten.Res_128_999[741];BYTE;B#16#0;B#16#0;
HEADER.Teil_Aktuell_Daten.Res_128_999[742];BYTE;B#16#0;B#16#0;
HEADER.Teil_Aktuell_Daten.Res_128_999[743];BYTE;B#16#0;B#16#0;
HEADER.Teil_Aktuell_Daten.Res_128_999[744];BYTE;B#16#0;B#16#0;
HEADER.Teil_Aktuell_Daten.Res_128_999[745];BYTE;B#16#0;B#16#0;
HEADER.Teil_Aktuell_Daten.Res_128_999[746];BYTE;B#16#0;B#16#0;
HEADER.Teil_Aktuell_Daten.Res_128_999[747];BYTE;B#16#0;B#16#0;
HEADER.Teil_Aktuell_Daten.Res_128_999[748];BYTE;B#16#0;B#16#0;
HEADER.Teil_Aktuell_Daten.Res_128_999[749];BYTE;B#16#0;B#16#0;
HEADER.Teil_Aktuell_Daten.Res_128_999[750];BYTE;B#16#0;B#16#0;
HEADER.Teil_Aktuell_Daten.Res_128_999[751];BYTE;B#16#0;B#16#0;
HEADER.Teil_Aktuell_Daten.Res_128_999[752];BYTE;B#16#0;B#16#0;
HEADER.Teil_Aktuell_Daten.Res_128_999[753];BYTE;B#16#0;B#16#0;
HEADER.Teil_Aktuell_Daten.Res_128_999[754];BYTE;B#16#0;B#16#0;
HEADER.Teil_Aktuell_Daten.Res_128_999[755];BYTE;B#16#0;B#16#0;
HEADER.Teil_Aktuell_Daten.Res_128_999[756];BYTE;B#16#0;B#16#0;
HEADER.Teil_Aktuell_Daten.Res_128_999[757];BYTE;B#16#0;B#16#0;
HEADER.Teil_Aktuell_Daten.Res_128_999[758];BYTE;B#16#0;B#16#0;
HEADER.Teil_Aktuell_Daten.Res_128_999[759];BYTE;B#16#0;B#16#0;
HEADER.Teil_Aktuell_Daten.Res_128_999[760];BYTE;B#16#0;B#16#0;
HEADER.Teil_Aktuell_Daten.Res_128_999[761];BYTE;B#16#0;B#16#0;
HEADER.Teil_Aktuell_Daten.Res_128_999[762];BYTE;B#16#0;B#16#0;
HEADER.Teil_Aktuell_Daten.Res_128_999[763];BYTE;B#16#0;B#16#0;
HEADER.Teil_Aktuell_Daten.Res_128_999[764];BYTE;B#16#0;B#16#0;
HEADER.Teil_Aktuell_Daten.Res_128_999[765];BYTE;B#16#0;B#16#0;
HEADER.Teil_Aktuell_Daten.Res_128_999[766];BYTE;B#16#0;B#16#0;
HEADER.Teil_Aktuell_Daten.Res_128_999[767];BYTE;B#16#0;B#16#0;
HEADER.Teil_Aktuell_Daten.Res_128_999[768];BYTE;B#16#0;B#16#0;
HEADER.Teil_Aktuell_Daten.Res_128_999[769];BYTE;B#16#0;B#16#0;
HEADER.Teil_Aktuell_Daten.Res_128_999[770];BYTE;B#16#0;B#16#0;
HEADER.Teil_Aktuell_Daten.Res_128_999[771];BYTE;B#16#0;B#16#0;
HEADER.Teil_Aktuell_Daten.Res_128_999[772];BYTE;B#16#0;B#16#0;
HEADER.Teil_Aktuell_Daten.Res_128_999[773];BYTE;B#16#0;B#16#0;
HEADER.Teil_Aktuell_Daten.Res_128_999[774];BYTE;B#16#0;B#16#0;
HEADER.Teil_Aktuell_Daten.Res_128_999[775];BYTE;B#16#0;B#16#0;
HEADER.Teil_Aktuell_Daten.Res_128_999[776];BYTE;B#16#0;B#16#0;
OP10.Header.Stationsnummer;INT;0;0;
OP10.Header.Zeitstempel_Y_Y;BYTE;B#16#0;B#16#0;BCD
OP10.Header.Zeitstempel_M_M;BYTE;B#16#0;B#16#0;BCD
OP10.Header.Zeitstempel_D_D;BYTE;B#16#0;B#16#0;BCD
OP10.Header.Zeitstempel_H_H;BYTE;B#16#0;B#16#0;BCD
OP10.Header.Zeitstempel_Min_Min;BYTE;B#16#0;B#16#0;BCD
OP10.Header.Zeitstempel_S_S;BYTE;B#16#0;B#16#0;BCD
OP10.Header.Fehlercode;INT;0;0;Nr. 1-10
OP10.Header.Fehlerbeschreibung;STRING [ 32 ];'
OP10.Header.Status_IO;BOOL;FALSE;FALSE;
OP10.Header.Status_NIO;BOOL;FALSE;FALSE;
OP10.Header.Status_Inaktiv;BOOL;FALSE;FALSE;
OP10.Header.Res_14_49[1];BYTE;B#16#0;B#16#0;
OP10.Header.Res_14_49[2];BYTE;B#16#0;B#16#0;
OP10.Header.Res_14_49[3];BYTE;B#16#0;B#16#0;
OP10.Header.Res_14_49[4];BYTE;B#16#0;B#16#0;
OP10.Header.Res_14_49[5];BYTE;B#16#0;B#16#0;
OP10.Header.Res_14_49[6];BYTE;B#16#0;B#16#0;
OP10.Status.OP10_Statuswort;DWORD;DW#16#0;DW#16#0;
OP10.Results.Res_54_150[1];BYTE;B#16#0;B#16#0;
OP10.Results.Res_54_150[2];BYTE;B#16#0;B#16#0;
OP10.Results.Res_54_150[3];BYTE;B#16#0;B#16#0;
OP10.Results.Res_54_150[4];BYTE;B#16#0;B#16#0;
OP10.Results.Res_54_150[5];BYTE;B#16#0;B#16#0;
OP10.Results.Res_54_150[6];BYTE;B#16#0;B#16#0;
OP10.Results.Res_54_150[7];BYTE;B#16#0;B#16#0;
OP10.Results.Res_54_150[8];BYTE;B#16#0;B#16#0;
OP10.Results.Res_54_150[9];BYTE;B#16#0;B#16#0;
OP10.Results.Res_54_150[10];BYTE;B#16#0;B#16#0;
OP10.Results.Res_54_150[11];BYTE;B#16#0;B#16#0;
OP10.Results.Res_54_150[12];BYTE;B#16#0;B#16#0;
OP10.Results.Res_54_150[13];BYTE;B#16#0;B#16#0;
OP10.Results.Res_54_150[14];BYTE;B#16#0;B#16#0;
OP10.Results.Res_54_150[15];BYTE;B#16#0;B#16#0;
OP10.Results.Res_54_150[16];BYTE;B#16#0;B#16#0;
OP10.Results.Res_54_150[17];BYTE;B#16#0;B#16#0;
OP10.Results.Res_54_150[18];BYTE;B#16#0;B#16#0;
OP10.Results.Res_54_150[19];BYTE;B#16#0;B#16#0;
OP10.Results.Res_54_150[20];BYTE;B#16#0;B#16#0;
OP10.Results.Res_54_150[21];BYTE;B#16#0;B#16#0;
OP10.Results.Res_54_150[22];BYTE;B#16#0;B#16#0;
OP10.Results.Res_54_150[23];BYTE;B#16#0;B#16#0;
OP10.Results.Res_54_150[24];BYTE;B#16#0;B#16#0;
OP10.Results.Res_54_150[25];BYTE;B#16#0;B#16#0;
OP10.Results.Res_54_150[26];BYTE;B#16#0;B#16#0;
OP10.Results.Res_54_150[27];BYTE;B#16#0;B#16#0;
OP10.Results.Res_54_150[28];BYTE;B#16#0;B#16#0;
OP10.Results.Res_54_150[29];BYTE;B#16#0;B#16#0;
OP10.Results.Res_54_150[30];BYTE;B#16#0;B#16#0;
OP10.Results.Res_54_150[31];BYTE;B#16#0;B#16#0;
OP10.Results.Res_54_150[32];BYTE;B#16#0;B#16#0;
OP10.Results.Res_54_150[33];BYTE;B#16#0;B#16#0;
OP10.Results.Res_54_150[34];BYTE;B#16#0;B#16#0;
OP10.Results.Res_54_150[35];BYTE;B#16#0;B#16#0;
OP10.Results.Res_54_150[36];BYTE;B#16#0;B#16#0;
OP10.Results.Res_54_150[37];BYTE;B#16#0;B#16#0;
OP10.Results.Res_54_150[38];BYTE;B#16#0;B#16#0;
OP10.Results.Res_54_150[39];BYTE;B#16#0;B#16#0;
OP10.Results.Res_54_150[40];BYTE;B#16#0;B#16#0;
OP10.Results.Res_54_150[41];BYTE;B#16#0;B#16#0;
OP10.Results.Res_54_150[42];BYTE;B#16#0;B#16#0;
OP10.Results.Res_54_150[43];BYTE;B#16#0;B#16#0;
OP10.Results.Res_54_150[44];BYTE;B#16#0;B#16#0;
OP10.Results.Res_54_150[45];BYTE;B#16#0;B#16#0;
OP10.Results.Res_54_150[46];BYTE;B#16#0;B#16#0;
OP10.Results.Res_54_150[47];BYTE;B#16#0;B#16#0;
OP10.Results.Res_54_150[48];BYTE;B#16#0;B#16#0;
OP10.Results.Res_54_150[49];BYTE;B#16#0;B#16#0;
OP10.Results.Res_54_150[50];BYTE;B#16#0;B#16#0;
OP10.Results.Res_54_150[51];BYTE;B#16#0;B#16#0;
OP10.Results.Res_54_150[52];BYTE;B#16#0;B#16#0;
OP10.Results.Res_54_150[53];BYTE;B#16#0;B#16#0;
OP10.Results.Res_54_150[54];BYTE;B#16#0;B#16#0;
OP10.Results.Res_54_150[55];BYTE;B#16#0;B#16#0;
OP10.Results.Res_54_150[56];BYTE;B#16#0;B#16#0;
OP10.Results.Res_54_150[57];BYTE;B#16#0;B#16#0;
OP10.Results.Res_54_150[58];BYTE;B#16#0;B#16#0;
OP10.Results.Res_54_150[59];BYTE;B#16#0;B#16#0;
OP10.Results.Res_54_150[60];BYTE;B#16#0;B#16#0;
OP10.Results.Res_54_150[61];BYTE;B#16#0;B#16#0;
OP10.Results.Res_54_150[62];BYTE;B#16#0;B#16#0;
OP10.Results.Res_54_150[63];BYTE;B#16#0;B#16#0;
OP10.Results.Res_54_150[64];BYTE;B#16#0;B#16#0;
OP10.Results.Res_54_150[65];BYTE;B#16#0;B#16#0;
OP10.Results.Res_54_150[66];BYTE;B#16#0;B#16#0;
OP10.Results.Res_54_150[67];BYTE;B#16#0;B#16#0;
OP10.Results.Res_54_150[68];BYTE;B#16#0;B#16#0;
OP10.Results.Res_54_150[69];BYTE;B#16#0;B#16#0;
OP10.Results.Res_54_150[70];BYTE;B#16#0;B#16#0;
OP10.Results.Res_54_150[71];BYTE;B#16#0;B#16#0;
OP10.Results.Res_54_150[72];BYTE;B#16#0;B#16#0;
OP10.Results.Res_54_150[73];BYTE;B#16#0;B#16#0;
OP10.Results.Res_54_150[74];BYTE;B#16#0;B#16#0;
OP10.Results.Res_54_150[75];BYTE;B#16#0;B#16#0;
OP10.Results.Res_54_150[76];BYTE;B#16#0;B#16#0;
OP10.Results.Res_54_150[77];BYTE;B#16#0;B#16#0;
OP10.Results.Res_54_150[78];BYTE;B#16#0;B#16#0;
OP10.Results.Res_54_150[79];BYTE;B#16#0;B#16#0;
OP10.Results.Res_54_150[80];BYTE;B#16#0;B#16#0;
OP10.Results.Res_54_150[81];BYTE;B#16#0;B#16#0;
OP10.Results.Res_54_150[82];BYTE;B#16#0;B#16#0;
OP10.Results.Res_54_150[83];BYTE;B#16#0;B#16#0;
OP10.Results.Res_54_150[84];BYTE;B#16#0;B#16#0;
OP10.Results.Res_54_150[85];BYTE;B#16#0;B#16#0;
OP10.Results.Res_54_150[86];BYTE;B#16#0;B#16#0;
OP10.Results.Res_54_150[87];BYTE;B#16#0;B#16#0;
OP10.Results.Res_54_150[88];BYTE;B#16#0;B#16#0;
OP10.Results.Res_54_150[89];BYTE;B#16#0;B#16#0;
OP10.Results.Res_54_150[90];BYTE;B#16#0;B#16#0;
OP10.Results.Res_54_150[91];BYTE;B#16#0;B#16#0;
OP10.Results.Res_54_150[92];BYTE;B#16#0;B#16#0;
OP10.Results.Res_54_150[93];BYTE;B#16#0;B#16#0;
OP10.Results.Res_54_150[94];BYTE;B#16#0;B#16#0;
OP10.Results.Res_54_150[95];BYTE;B#16#0;B#16#0;
OP10.Results.Res_54_150[96];BYTE;B#16#0;B#16#0;
OP10.Components.Cap_Bar_Code_1;STRING [ 40 ];'
OP10.Components.Res_190_399[1];BYTE;B#16#0;B#16#0;
OP10.Components.Res_190_399[2];BYTE;B#16#0;B#16#0;
OP10.Components.Res_190_399[3];BYTE;B#16#0;B#16#0;
OP10.Components.Res_190_399[4];BYTE;B#16#0;B#16#0;
OP10.Components.Res_190_399[5];BYTE;B#16#0;B#16#0;
OP10.Components.Res_190_399[6];BYTE;B#16#0;B#16#0;
OP10.Components.Res_190_399[7];BYTE;B#16#0;B#16#0;
OP10.Components.Res_190_399[8];BYTE;B#16#0;B#16#0;
OP10.Components.Res_190_399[9];BYTE;B#16#0;B#16#0;
OP10.Components.Res_190_399[10];BYTE;B#16#0;B#16#0;
OP10.Components.Res_190_399[11];BYTE;B#16#0;B#16#0;
OP10.Components.Res_190_399[12];BYTE;B#16#0;B#16#0;
OP10.Components.Res_190_399[13];BYTE;B#16#0;B#16#0;
OP10.Components.Res_190_399[14];BYTE;B#16#0;B#16#0;
OP10.Components.Res_190_399[15];BYTE;B#16#0;B#16#0;
OP10.Components.Res_190_399[16];BYTE;B#16#0;B#16#0;
OP10.Components.Res_190_399[17];BYTE;B#16#0;B#16#0;
OP10.Components.Res_190_399[18];BYTE;B#16#0;B#16#0;
OP10.Components.Res_190_399[19];BYTE;B#16#0;B#16#0;
OP10.Components.Res_190_399[20];BYTE;B#16#0;B#16#0;
OP10.Components.Res_190_399[21];BYTE;B#16#0;B#16#0;
OP10.Components.Res_190_399[22];BYTE;B#16#0;B#16#0;
OP10.Components.Res_190_399[23];BYTE;B#16#0;B#16#0;
OP10.Components.Res_190_399[24];BYTE;B#16#0;B#16#0;
OP10.Components.Res_190_399[25];BYTE;B#16#0;B#16#0;
OP10.Components.Res_190_399[26];BYTE;B#16#0;B#16#0;
OP10.Components.Res_190_399[27];BYTE;B#16#0;B#16#0;
OP10.Components.Res_190_399[28];BYTE;B#16#0;B#16#0;
OP10.Components.Res_190_399[29];BYTE;B#16#0;B#16#0;
OP10.Components.Res_190_399[30];BYTE;B#16#0;B#16#0;
OP10.Components.Res_190_399[31];BYTE;B#16#0;B#16#0;
OP10.Components.Res_190_399[32];BYTE;B#16#0;B#16#0;
OP10.Components.Res_190_399[33];BYTE;B#16#0;B#16#0;
OP10.Components.Res_190_399[34];BYTE;B#16#0;B#16#0;
OP10.Components.Res_190_399[35];BYTE;B#16#0;B#16#0;
OP10.Components.Res_190_399[36];BYTE;B#16#0;B#16#0;
OP10.Components.Res_190_399[37];BYTE;B#16#0;B#16#0;
OP10.Components.Res_190_399[38];BYTE;B#16#0;B#16#0;
OP10.Components.Res_190_399[39];BYTE;B#16#0;B#16#0;
OP10.Components.Res_190_399[40];BYTE;B#16#0;B#16#0;
OP10.Components.Res_190_399[41];BYTE;B#16#0;B#16#0;
OP10.Components.Res_190_399[42];BYTE;B#16#0;B#16#0;
OP10.Components.Res_190_399[43];BYTE;B#16#0;B#16#0;
OP10.Components.Res_190_399[44];BYTE;B#16#0;B#16#0;
OP10.Components.Res_190_399[45];BYTE;B#16#0;B#16#0;
OP10.Components.Res_190_399[46];BYTE;B#16#0;B#16#0;
OP10.Components.Res_190_399[47];BYTE;B#16#0;B#16#0;
OP10.Components.Res_190_399[48];BYTE;B#16#0;B#16#0;
OP10.Components.Res_190_399[49];BYTE;B#16#0;B#16#0;
OP10.Components.Res_190_399[50];BYTE;B#16#0;B#16#0;
OP10.Components.Res_190_399[51];BYTE;B#16#0;B#16#0;
OP10.Components.Res_190_399[52];BYTE;B#16#0;B#16#0;
OP10.Components.Res_190_399[53];BYTE;B#16#0;B#16#0;
OP10.Components.Res_190_399[54];BYTE;B#16#0;B#16#0;
OP10.Components.Res_190_399[55];BYTE;B#16#0;B#16#0;
OP10.Components.Res_190_399[56];BYTE;B#16#0;B#16#0;
OP10.Components.Res_190_399[57];BYTE;B#16#0;B#16#0;
OP10.Components.Res_190_399[58];BYTE;B#16#0;B#16#0;
OP10.Components.Res_190_399[59];BYTE;B#16#0;B#16#0;
OP10.Components.Res_190_399[60];BYTE;B#16#0;B#16#0;
OP10.Components.Res_190_399[61];BYTE;B#16#0;B#16#0;
OP10.Components.Res_190_399[62];BYTE;B#16#0;B#16#0;
OP10.Components.Res_190_399[63];BYTE;B#16#0;B#16#0;
OP10.Components.Res_190_399[64];BYTE;B#16#0;B#16#0;
OP10.Components.Res_190_399[65];BYTE;B#16#0;B#16#0;
OP10.Components.Res_190_399[66];BYTE;B#16#0;B#16#0;
OP10.Components.Res_190_399[67];BYTE;B#16#0;B#16#0;
OP10.Components.Res_190_399[68];BYTE;B#16#0;B#16#0;
OP10.Components.Res_190_399[69];BYTE;B#16#0;B#16#0;
OP10.Components.Res_190_399[70];BYTE;B#16#0;B#16#0;
OP10.Components.Res_190_399[71];BYTE;B#16#0;B#16#0;
OP10.Components.Res_190_399[72];BYTE;B#16#0;B#16#0;
OP10.Components.Res_190_399[73];BYTE;B#16#0;B#16#0;
OP10.Components.Res_190_399[74];BYTE;B#16#0;B#16#0;
OP10.Components.Res_190_399[75];BYTE;B#16#0;B#16#0;
OP10.Components.Res_190_399[76];BYTE;B#16#0;B#16#0;
OP10.Components.Res_190_399[77];BYTE;B#16#0;B#16#0;
OP10.Components.Res_190_399[78];BYTE;B#16#0;B#16#0;
OP10.Components.Res_190_399[79];BYTE;B#16#0;B#16#0;
OP10.Components.Res_190_399[80];BYTE;B#16#0;B#16#0;
OP10.Components.Res_190_399[81];BYTE;B#16#0;B#16#0;
OP10.Components.Res_190_399[82];BYTE;B#16#0;B#16#0;
OP10.Components.Res_190_399[83];BYTE;B#16#0;B#16#0;
OP10.Components.Res_190_399[84];BYTE;B#16#0;B#16#0;
OP10.Components.Res_190_399[85];BYTE;B#16#0;B#16#0;
OP10.Components.Res_190_399[86];BYTE;B#16#0;B#16#0;
OP10.Components.Res_190_399[87];BYTE;B#16#0;B#16#0;
OP10.Components.Res_190_399[88];BYTE;B#16#0;B#16#0;
OP10.Components.Res_190_399[89];BYTE;B#16#0;B#16#0;
OP10.Components.Res_190_399[90];BYTE;B#16#0;B#16#0;
OP10.Components.Res_190_399[91];BYTE;B#16#0;B#16#0;
OP10.Components.Res_190_399[92];BYTE;B#16#0;B#16#0;
OP10.Components.Res_190_399[93];BYTE;B#16#0;B#16#0;
OP10.Components.Res_190_399[94];BYTE;B#16#0;B#16#0;
OP10.Components.Res_190_399[95];BYTE;B#16#0;B#16#0;
OP10.Components.Res_190_399[96];BYTE;B#16#0;B#16#0;
OP10.Components.Res_190_399[97];BYTE;B#16#0;B#16#0;
OP10.Components.Res_190_399[98];BYTE;B#16#0;B#16#0;
OP10.Components.Res_190_399[99];BYTE;B#16#0;B#16#0;
OP10.Components.Res_190_399[100];BYTE;B#16#0;B#16#0;
OP10.Components.Res_190_399[101];BYTE;B#16#0;B#16#0;
OP10.Components.Res_190_399[102];BYTE;B#16#0;B#16#0;
OP10.Components.Res_190_399[103];BYTE;B#16#0;B#16#0;
OP10.Components.Res_190_399[104];BYTE;B#16#0;B#16#0;
OP10.Components.Res_190_399[105];BYTE;B#16#0;B#16#0;
OP10.Components.Res_190_399[106];BYTE;B#16#0;B#16#0;
OP10.Components.Res_190_399[107];BYTE;B#16#0;B#16#0;
OP10.Components.Res_190_399[108];BYTE;B#16#0;B#16#0;
OP10.Components.Res_190_399[109];BYTE;B#16#0;B#16#0;
OP10.Components.Res_190_399[110];BYTE;B#16#0;B#16#0;
OP10.Components.Res_190_399[111];BYTE;B#16#0;B#16#0;
OP10.Components.Res_190_399[112];BYTE;B#16#0;B#16#0;
OP10.Components.Res_190_399[113];BYTE;B#16#0;B#16#0;
OP10.Components.Res_190_399[114];BYTE;B#16#0;B#16#0;
OP10.Components.Res_190_399[115];BYTE;B#16#0;B#16#0;
OP10.Components.Res_190_399[116];BYTE;B#16#0;B#16#0;
OP10.Components.Res_190_399[117];BYTE;B#16#0;B#16#0;
OP10.Components.Res_190_399[118];BYTE;B#16#0;B#16#0;
OP10.Components.Res_190_399[119];BYTE;B#16#0;B#16#0;
OP10.Components.Res_190_399[120];BYTE;B#16#0;B#16#0;
OP10.Components.Res_190_399[121];BYTE;B#16#0;B#16#0;
OP10.Components.Res_190_399[122];BYTE;B#16#0;B#16#0;
OP10.Components.Res_190_399[123];BYTE;B#16#0;B#16#0;
OP10.Components.Res_190_399[124];BYTE;B#16#0;B#16#0;
OP10.Components.Res_190_399[125];BYTE;B#16#0;B#16#0;
OP10.Components.Res_190_399[126];BYTE;B#16#0;B#16#0;
OP10.Components.Res_190_399[127];BYTE;B#16#0;B#16#0;
OP10.Components.Res_190_399[128];BYTE;B#16#0;B#16#0;
OP10.Components.Res_190_399[129];BYTE;B#16#0;B#16#0;
OP10.Components.Res_190_399[130];BYTE;B#16#0;B#16#0;
OP10.Components.Res_190_399[131];BYTE;B#16#0;B#16#0;
OP10.Components.Res_190_399[132];BYTE;B#16#0;B#16#0;
OP10.Components.Res_190_399[133];BYTE;B#16#0;B#16#0;
OP10.Components.Res_190_399[134];BYTE;B#16#0;B#16#0;
OP10.Components.Res_190_399[135];BYTE;B#16#0;B#16#0;
OP10.Components.Res_190_399[136];BYTE;B#16#0;B#16#0;
OP10.Components.Res_190_399[137];BYTE;B#16#0;B#16#0;
OP10.Components.Res_190_399[138];BYTE;B#16#0;B#16#0;
OP10.Components.Res_190_399[139];BYTE;B#16#0;B#16#0;
OP10.Components.Res_190_399[140];BYTE;B#16#0;B#16#0;
OP10.Components.Res_190_399[141];BYTE;B#16#0;B#16#0;
OP10.Components.Res_190_399[142];BYTE;B#16#0;B#16#0;
OP10.Components.Res_190_399[143];BYTE;B#16#0;B#16#0;
OP10.Components.Res_190_399[144];BYTE;B#16#0;B#16#0;
OP10.Components.Res_190_399[145];BYTE;B#16#0;B#16#0;
OP10.Components.Res_190_399[146];BYTE;B#16#0;B#16#0;
OP10.Components.Res_190_399[147];BYTE;B#16#0;B#16#0;
OP10.Components.Res_190_399[148];BYTE;B#16#0;B#16#0;
OP10.Components.Res_190_399[149];BYTE;B#16#0;B#16#0;
OP10.Components.Res_190_399[150];BYTE;B#16#0;B#16#0;
OP10.Components.Res_190_399[151];BYTE;B#16#0;B#16#0;
OP10.Components.Res_190_399[152];BYTE;B#16#0;B#16#0;
OP10.Components.Res_190_399[153];BYTE;B#16#0;B#16#0;
OP10.Components.Res_190_399[154];BYTE;B#16#0;B#16#0;
OP10.Components.Res_190_399[155];BYTE;B#16#0;B#16#0;
OP10.Components.Res_190_399[156];BYTE;B#16#0;B#16#0;
OP10.Components.Res_190_399[157];BYTE;B#16#0;B#16#0;
OP10.Components.Res_190_399[158];BYTE;B#16#0;B#16#0;
OP10.Components.Res_190_399[159];BYTE;B#16#0;B#16#0;
OP10.Components.Res_190_399[160];BYTE;B#16#0;B#16#0;
OP10.Components.Res_190_399[161];BYTE;B#16#0;B#16#0;
OP10.Components.Res_190_399[162];BYTE;B#16#0;B#16#0;
OP10.Components.Res_190_399[163];BYTE;B#16#0;B#16#0;
OP10.Components.Res_190_399[164];BYTE;B#16#0;B#16#0;
OP10.Components.Res_190_399[165];BYTE;B#16#0;B#16#0;
OP10.Components.Res_190_399[166];BYTE;B#16#0;B#16#0;
OP10.Components.Res_190_399[167];BYTE;B#16#0;B#16#0;
OP10.Components.Res_190_399[168];BYTE;B#16#0;B#16#0;
OP10.Components.Res_190_399[169];BYTE;B#16#0;B#16#0;
OP10.Components.Res_190_399[170];BYTE;B#16#0;B#16#0;
OP10.Components.Res_190_399[171];BYTE;B#16#0;B#16#0;
OP10.Components.Res_190_399[172];BYTE;B#16#0;B#16#0;
OP10.Components.Res_190_399[173];BYTE;B#16#0;B#16#0;
OP10.Components.Res_190_399[174];BYTE;B#16#0;B#16#0;
OP10.Components.Res_190_399[175];BYTE;B#16#0;B#16#0;
OP10.Components.Res_190_399[176];BYTE;B#16#0;B#16#0;
OP10.Components.Res_190_399[177];BYTE;B#16#0;B#16#0;
OP10.Components.Res_190_399[178];BYTE;B#16#0;B#16#0;
OP10.Components.Res_190_399[179];BYTE;B#16#0;B#16#0;
OP10.Components.Res_190_399[180];BYTE;B#16#0;B#16#0;
OP10.Components.Res_190_399[181];BYTE;B#16#0;B#16#0;
OP10.Components.Res_190_399[182];BYTE;B#16#0;B#16#0;
OP10.Components.Res_190_399[183];BYTE;B#16#0;B#16#0;
OP10.Components.Res_190_399[184];BYTE;B#16#0;B#16#0;
OP10.Components.Res_190_399[185];BYTE;B#16#0;B#16#0;
OP10.Components.Res_190_399[186];BYTE;B#16#0;B#16#0;
OP10.Components.Res_190_399[187];BYTE;B#16#0;B#16#0;
OP10.Components.Res_190_399[188];BYTE;B#16#0;B#16#0;
OP10.Components.Res_190_399[189];BYTE;B#16#0;B#16#0;
OP10.Components.Res_190_399[190];BYTE;B#16#0;B#16#0;
OP10.Components.Res_190_399[191];BYTE;B#16#0;B#16#0;
OP10.Components.Res_190_399[192];BYTE;B#16#0;B#16#0;
OP10.Components.Res_190_399[193];BYTE;B#16#0;B#16#0;
OP10.Components.Res_190_399[194];BYTE;B#16#0;B#16#0;
OP10.Components.Res_190_399[195];BYTE;B#16#0;B#16#0;
OP10.Components.Res_190_399[196];BYTE;B#16#0;B#16#0;
OP10.Components.Res_190_399[197];BYTE;B#16#0;B#16#0;
OP10.Components.Res_190_399[198];BYTE;B#16#0;B#16#0;
OP10.Components.Res_190_399[199];BYTE;B#16#0;B#16#0;
OP10.Components.Res_190_399[200];BYTE;B#16#0;B#16#0;
OP10.Components.Res_190_399[201];BYTE;B#16#0;B#16#0;
OP10.Components.Res_190_399[202];BYTE;B#16#0;B#16#0;
OP10.Components.Res_190_399[203];BYTE;B#16#0;B#16#0;
OP10.Components.Res_190_399[204];BYTE;B#16#0;B#16#0;
OP10.Components.Res_190_399[205];BYTE;B#16#0;B#16#0;
OP10.Components.Res_190_399[206];BYTE;B#16#0;B#16#0;
OP10.Components.Res_190_399[207];BYTE;B#16#0;B#16#0;
OP10.Components.Res_190_399[208];BYTE;B#16#0;B#16#0;
OP10.Components.Res_190_399[209];BYTE;B#16#0;B#16#0;
OP10.Components.Res_190_399[210];BYTE;B#16#0;B#16#0;
#END;;;;
#WRITE;;;;
LEBENSZAECHLER;INT;0;0;Lebenszaechler
ANTWORT;INT;0;0;Reply vFlash > SPS
STATUS;INT;0;0;vFlash Status
PC_KOMM.PC.RESERVE[0];BYTE;B#16#0;B#16#0;
PC_KOMM.PC.RESERVE[1];BYTE;B#16#0;B#16#0;
PC_KOMM.PC.RESERVE[2];BYTE;B#16#0;B#16#0;
PC_KOMM.PC.RESERVE[3];BYTE;B#16#0;B#16#0;
PC_KOMM.PC.RESERVE[4];BYTE;B#16#0;B#16#0;
PC_KOMM.PC.RESERVE[5];BYTE;B#16#0;B#16#0;
PC_KOMM.PC.RESERVE[6];BYTE;B#16#0;B#16#0;
PC_KOMM.PC.RESERVE[7];BYTE;B#16#0;B#16#0;
PC_KOMM.PC.RESERVE[8];BYTE;B#16#0;B#16#0;
PC_KOMM.PC.RESERVE[9];BYTE;B#16#0;B#16#0;
PC_KOMM.PC.RESERVE[10];BYTE;B#16#0;B#16#0;
PC_KOMM.PC.RESERVE[11];BYTE;B#16#0;B#16#0;
PC_KOMM.PC.RESERVE[12];BYTE;B#16#0;B#16#0;
PC_KOMM.PC.RESERVE[13];BYTE;B#16#0;B#16#0;
PC_KOMM.PC.RESERVE[14];BYTE;B#16#0;B#16#0;
PC_KOMM.PC.RESERVE[15];BYTE;B#16#0;B#16#0;
PC_KOMM.PC.RESERVE[16];BYTE;B#16#0;B#16#0;
PC_KOMM.PC.RESERVE[17];BYTE;B#16#0;B#16#0;
PC_KOMM.PC.RESERVE[18];BYTE;B#16#0;B#16#0;
PC_KOMM.PC.RESERVE[19];BYTE;B#16#0;B#16#0;
PC_KOMM.PC.RESERVE[20];BYTE;B#16#0;B#16#0;
PC_KOMM.PC.RESERVE[21];BYTE;B#16#0;B#16#0;
PC_KOMM.PC.RESERVE[22];BYTE;B#16#0;B#16#0;
PC_KOMM.PC.RESERVE[23];BYTE;B#16#0;B#16#0;
PC_KOMM.PC.RESERVE[24];BYTE;B#16#0;B#16#0;
PC_KOMM.PC.RESERVE[25];BYTE;B#16#0;B#16#0;
PC_KOMM.PC.RESERVE[26];BYTE;B#16#0;B#16#0;
PC_KOMM.PC.RESERVE[27];BYTE;B#16#0;B#16#0;
PC_KOMM.PC.RESERVE[28];BYTE;B#16#0;B#16#0;
PC_KOMM.PC.RESERVE[29];BYTE;B#16#0;B#16#0;
PC_KOMM.PC.RESERVE[30];BYTE;B#16#0;B#16#0;
PC_KOMM.PC.RESERVE[31];BYTE;B#16#0;B#16#0;
PC_KOMM.PC.RESERVE[32];BYTE;B#16#0;B#16#0;
PC_KOMM.PC.RESERVE[33];BYTE;B#16#0;B#16#0;
PC_KOMM.PC.RESERVE[34];BYTE;B#16#0;B#16#0;
PC_KOMM.PC.RESERVE[35];BYTE;B#16#0;B#16#0;
PC_KOMM.PC.RESERVE[36];BYTE;B#16#0;B#16#0;
PC_KOMM.PC.RESERVE[37];BYTE;B#16#0;B#16#0;
PC_KOMM.PC.RESERVE[38];BYTE;B#16#0;B#16#0;
PC_KOMM.PC.RESERVE[39];BYTE;B#16#0;B#16#0;
PC_KOMM.PC.RESERVE[40];BYTE;B#16#0;B#16#0;
PC_KOMM.PC.RESERVE[41];BYTE;B#16#0;B#16#0;
PC_KOMM.PC.RESERVE[42];BYTE;B#16#0;B#16#0;
#END;;;;